player_id,player_slug,player_tag,player_name,player_country
6284d6ccc437fde7e02d6e7b,https://octane.gg/players/6e7b-yasudon,*YASUDON*,,jp
60c46a3a9fc1a47e5f11199a,https://octane.gg/players/199a-2die4,2Die4,David Morgenrood,za
5f3d8fdd95f40596eae241b7,https://octane.gg/players/41b7-2piece,2Piece,Jayden Horton,us
61daef8bda9d7ca1c7ba3d33,https://octane.gg/players/3d33-3mari,3mari,,sa
62712944da9d7ca1c7badbfa,https://octane.gg/players/dbfa-47_vt,47_VT,,jp
61fe4a56da9d7ca1c7ba7bd4,https://octane.gg/players/7bd4-5bs,5bs,,za
61ed28c5da9d7ca1c7ba5b2e,https://octane.gg/players/5b2e-683h,683h,,sa
621ca644c437fde7e02d0fec,https://octane.gg/players/0fec-a8ch,A8CH,,za
61800fd0f8090ec74528a5f4,https://octane.gg/players/a5f4-a_clever_rabbit,a_clever_rabbit,,za
617d200ef8090ec745289fdf,https://octane.gg/players/9fdf-abdelaty,Abdelaty,,eg
5f3d8fdd95f40596eae24187,https://octane.gg/players/4187-abdulaziz,Abdulaziz,Abdulaziz Tariq,sa
6266d944da9d7ca1c7bacf12,https://octane.gg/players/cf12-abdullah3nb,Abdullah3nb,,sa
616dab72f8090ec7452886ea,https://octane.gg/players/86ea-abechantv,AbechanTV,,jp
5f3d8fdd95f40596eae241a4,https://octane.gg/players/41a4-abood,abood.,,sa
5f3d8fdd95f40596eae23f3f,https://octane.gg/players/3f3f-abscrazy,Abscrazy,Abhai Ponna,in
60bb4b446d9c1362119ca7eb,https://octane.gg/players/a7eb-abulba,AbuLba,,eg
5fb188fc6a1a29326c859b8c,https://octane.gg/players/9b8c-accro,accro,Aston Smith,en
61794c34f8090ec7452894a1,https://octane.gg/players/94a1-acefryst,acefryst,,my
5f3d8fdd95f40596eae2428c,https://octane.gg/players/428c-acronik,AcroniK.,Bruno Alexandre dos Santos Lopes,pt
5f3d8fdd95f40596eae23f40,https://octane.gg/players/3f40-acrox88,Acrox88,Anthony Christian Digneng Uy,ph
62713111c437fde7e02d5553,https://octane.gg/players/5553-adapz,Adapz,,za
60c1eb7c490bd8649dd30c04,https://octane.gg/players/0c04-adot,Adot.,,sa
600a35c73079570c0276a646,https://octane.gg/players/a646-aguz,aguz,Agustín Benitez,ar
5f3d8fdd95f40596eae2426f,https://octane.gg/players/426f-ahduhm,Ahduhm,Adam Gehman,us
5f3d8fdd95f40596eae23f88,https://octane.gg/players/3f88-ahmad,Ahmad,Ahmad Abdullah,sa
61794b8df8090ec74528948b,https://octane.gg/players/948b-ahmad,Ahmad,,my
6266defac437fde7e02d498f,https://octane.gg/players/498f-aimen,Aimen,,sg
6030898a663c30502bdac593,https://octane.gg/players/c593-aimz,Aimz,Aiman Nissan,au
5fd40efc0e831f1d52bce3b5,https://octane.gg/players/e3b5-airmac,airmac,,au
612c8f0887f814e9fb000439,https://octane.gg/players/0439-aiz,aiz,,au
5f3d8fdd95f40596eae240e5,https://octane.gg/players/40e5-ajg,ajg,Lautaro Gusinsky,ar
61794d24143c37878b23ade8,https://octane.gg/players/ade8-akara,Akara,,bd
62712944da9d7ca1c7badbf9,https://octane.gg/players/dbf9-akezorarara,AkezoraRara,,jp
5f3d8fdd95f40596eae242ab,https://octane.gg/players/42ab-akikansu,akikansu,,jp
6284d7cdc437fde7e02d6ec6,https://octane.gg/players/6ec6-akira0902,Akira0902,,jp
5f3d8fdd95f40596eae24383,https://octane.gg/players/4383-akkinn,AKKINN,,jp
628cdabac437fde7e02d825e,https://octane.gg/players/825e-akrasul,Akrasul,,ph
628cd8b6da9d7ca1c7bb0afd,https://octane.gg/players/0afd-akwack,Akwack,,in
61fd2f85c437fde7e02cf3af,https://octane.gg/players/f3af-alem,Alem,Asaba Tatsuya,jp
627b91fada9d7ca1c7baeaf2,https://octane.gg/players/eaf2-aleon,ALeon,,sg
5f3d8fdd95f40596eae24181,https://octane.gg/players/4181-ali,Ali.,Ali Aldhohayan,sa
6180103ff8090ec74528a600,https://octane.gg/players/a600-aljezz,Aljezz,,re
5f3d8fdd95f40596eae23d91,https://octane.gg/players/3d91-allushin,Allushin,Braxton Lagarec,ca
5f3d8fdd95f40596eae244d9,https://octane.gg/players/44d9-alpe,Alpe,,br
61f90da4c437fde7e02ceee6,https://octane.gg/players/eee6-alpha,Alpha,,jp
5f3d8fdd95f40596eae23ee3,https://octane.gg/players/3ee3-alpha54,Alpha54,Yanis Champenois,fr
5f3d8fdd95f40596eae240bb,https://octane.gg/players/40bb-alphakep,AlphaKep,Austin Kepner,us
5f3d8fdd95f40596eae24135,https://octane.gg/players/4135-alraz,AlRaz,Alex Raczynski,us
60be0f259fc1a47e5f1113ff,https://octane.gg/players/13ff-amaryllis,Amaryllis,Adit Prasad,in
60bbcd9b6dcdb413cff64987,https://octane.gg/players/4987-amatel,amatel,,jp
61896ba2143c37878b23d12c,https://octane.gg/players/d12c-amjd-k-s-a,AMJD-K-S-A,,sa
621ca419c437fde7e02d0f55,https://octane.gg/players/0f55-amogus,amogus,,za
6194ff46f8090ec74528cc8f,https://octane.gg/players/cc8f-amore,Amore,,jp
6179536a143c37878b23aeac,https://octane.gg/players/aeac-amory,Amory,,sa
5f3d8fdd95f40596eae2412e,https://octane.gg/players/412e-amphis,Amphis,Luke Riddell,au
5f3d8fdd95f40596eae24199,https://octane.gg/players/4199-ams,ams.,Abdullah Alsubaie,sa
61e5675dc437fde7e02ccbae,https://octane.gg/players/cbae-amukk,AmuKK,,za
5f3d8fdd95f40596eae2417e,https://octane.gg/players/417e-anas,Anas,,sa
5f3d8fdd95f40596eae24136,https://octane.gg/players/4136-andy,Andy,Andrew Nolan,us
5f3d8fdd95f40596eae24283,https://octane.gg/players/4283-angel,Angel,Jarret Birch,us
5f3d8fdd95f40596eae24161,https://octane.gg/players/4161-apparentlyjack,ApparentlyJack,Jack Benton,en
5f84c4ddc1b0ba58c1ea1fda,https://octane.gg/players/1fda-aqua,Aqua.,Christopher Campbell,us
627b98b0da9d7ca1c7baec22,https://octane.gg/players/ec22-arb,arb.,,sa
616da7d6f8090ec745288689,https://octane.gg/players/8689-arcana,Arcana,,jp
60c46a3a9fc1a47e5f11199b,https://octane.gg/players/199b-arceon,Arceon,,za
607d7dda473f172e4c0d469a,https://octane.gg/players/469a-arch,Arch,,jp
5f3d8fdd95f40596eae2415f,https://octane.gg/players/415f-archie,Archie,Archie Pickthall,en
60bbd0ba6dcdb413cff64a14,https://octane.gg/players/4a14-arinko,Arinko,,jp
5f3d8fdd95f40596eae244ca,https://octane.gg/players/44ca-aris,Aris,,us
5f5ae803c6cbf591c568a385,https://octane.gg/players/a385-arju,arju,Ario Berdin,it
616dab72f8090ec7452886e9,https://octane.gg/players/86e9-arodra,Arodra,,jp
61950560143c37878b23e1c9,https://octane.gg/players/e1c9-arrow-of-lights,Arrow of Lights,,jp
5f3d8fdd95f40596eae23eda,https://octane.gg/players/3eda-arsenal,Arsenal,Tshaka Lateef Taylor Jr,us
5fcbf72a0fed6b419c84cb82,https://octane.gg/players/cb82-arssego,arssego,,br
6083853259c52797c6784421,https://octane.gg/players/4421-artezzy,artezzy,Daniel Gonzalez,cl
61f916ffc437fde7e02cf097,https://octane.gg/players/f097-artix,Artix,,za
620a7ee7da9d7ca1c7ba8493,https://octane.gg/players/8493-aruphy,Aruphy,,id
616da782f8090ec745288677,https://octane.gg/players/8677-arutako,arutako.,,jp
6266dd89c437fde7e02d4944,https://octane.gg/players/4944-aryan-cr7,Aryan Cr7,,in
60be08ea490bd8649dd3073e,https://octane.gg/players/073e-aryaneil,AryaNeil,Arya Neil Kabi,in
609753b5b2e58825e013ac0c,https://octane.gg/players/ac0c-ashllxyy,Ashllxyy.,Ashley Edwards,en
61e551d2c437fde7e02cca2b,https://octane.gg/players/ca2b-asnoric,Asnoric,,jp
5fbf35ee11b0f5756d4bb003,https://octane.gg/players/b003-asphyx,Asphyx,Anshul Atreya,in
60c5cd4c490bd8649dd30ffe,https://octane.gg/players/0ffe-assault,Assault,,jp
5f3d8fdd95f40596eae2435a,https://octane.gg/players/435a-astro,astro,Ty Bullinger,us
62712fc0da9d7ca1c7badcbc,https://octane.gg/players/dcbc-atlantisee,Atlantisee_,,re
5f3d8fdd95f40596eae23fe6,https://octane.gg/players/3fe6-atomic,Atomic,Massimo Franceschi,us
5f3d8fdd95f40596eae23f70,https://octane.gg/players/3f70-atomik,AtomiK,Sergio Pérez Cortés,es
5f3d8fdd95f40596eae2441b,https://octane.gg/players/441b-atow,Atow.,Tristan Soyez,be
619e62a1143c37878b23f076,https://octane.gg/players/f076-auriginal,Auriginal,,za
6074ce8100af93009ae4fc80,https://octane.gg/players/fc80-avasttz,avasttz,Cauã Cerione,br
6195076af8090ec74528cd89,https://octane.gg/players/cd89-avelthenics,Avelthenics,,jp
618009d0143c37878b23bc38,https://octane.gg/players/bc38-aviyon,aviyon,,jp
5faeab2ee9ce4ed313ea60e5,https://octane.gg/players/60e5-awdaz,Awdaz,,br
5f9c805c5246bf27936b981b,https://octane.gg/players/981b-ayjacks,ayjacks,Jackson Carter,us
627b9370c437fde7e02d6361,https://octane.gg/players/6361-ayua,Ayua,,ph
60c5cb379fc1a47e5f111abd,https://octane.gg/players/1abd-ayun,Ayun,,jp
5f3d8fdd95f40596eae23eba,https://octane.gg/players/3eba-ayyjayy,AYYJAYY,Austin Aebi,us
5f3d8fdd95f40596eae240e4,https://octane.gg/players/40e4-aza,Aza,Aaron Smith,au
5f3d8fdd95f40596eae24565,https://octane.gg/players/4565-azmo,Azmo,,nz
5f3d8fdd95f40596eae23f83,https://octane.gg/players/3f83-aztral,AztraL,Maello Ernst,be
5fbda6e016fbe0e46966b13e,https://octane.gg/players/b13e-aztromick,Aztromick,Luis Felipe,br
5f3d8fdd95f40596eae2438a,https://octane.gg/players/438a-b2sel,B2seL,Basel Hisham,sa
5f3d8fdd95f40596eae24343,https://octane.gg/players/4343-baait,baait,Andrew Souza,br
5f3d8fdd95f40596eae24503,https://octane.gg/players/4503-baked-potato,Baked Potato,Hamish Holden,au
5f3d8fdd95f40596eae24562,https://octane.gg/players/4562-bal,Bal,Logan,au
5f3d8fdd95f40596eae242a8,https://octane.gg/players/42a8-ballerrees,ballerrees,Joshua Tng,sg
61e567c1da9d7ca1c7ba5054,https://octane.gg/players/5054-ballim,ballim,,za
6162f9d9f8090ec74528737c,https://octane.gg/players/737c-balloon,BaLLooN,,my
5f3d8fdd95f40596eae240f2,https://octane.gg/players/40f2-bambii,Bambii,Marcello Aedo,us
5fadd1baa392ba2afb9f1caa,https://octane.gg/players/1caa-bananahead,bananahead,Jon Anastasakis,au
60be1869490bd8649dd3084d,https://octane.gg/players/084d-bang-dulz,Bang DuLz,,id
61794d24143c37878b23ade7,https://octane.gg/players/ade7-battaash,battaash,,bd
5f3d8fdd95f40596eae2437c,https://octane.gg/players/437c-battlelain,Battlelain,,jp
61ee804cc437fde7e02cdb28,https://octane.gg/players/db28-bazmo,Bazmo,,au
5f3d8fdd95f40596eae241bb,https://octane.gg/players/41bb-beastaboniam,Beastaboniam,Joseph Rotundo,us
5f3d8fdd95f40596eae241b8,https://octane.gg/players/41b8-beastmode,BeastMode,Landon Konerman,us
5f3d8fdd95f40596eae24362,https://octane.gg/players/4362-beeyu,beeyu,Siddharth Ramanathan,us
5f3d8fdd95f40596eae24339,https://octane.gg/players/4339-bemmz,Bemmz,Bernardo Siqueira Marta,br
5fdc33a6af4622aaaa8cf8f0,https://octane.gg/players/f8f0-benniiz,Benniiz,Ben Gray,au
61896a91143c37878b23d0eb,https://octane.gg/players/d0eb-bettercallyousef,BetterCallYousef,,sa
61801153f8090ec74528a648,https://octane.gg/players/a648-bigfootboss26,BigFootBoss26,,za
6266d20bda9d7ca1c7bacdcd,https://octane.gg/players/cdcd-bigrooster,Bigrooster,,au
5fcd2d11276ec38f1541cfd0,https://octane.gg/players/cfd0-billy,billy,Billy Hinchliffe,en
619e616e143c37878b23f033,https://octane.gg/players/f033-billyy,Billyy,,re
60c469b99fc1a47e5f111970,https://octane.gg/players/1970-biscuitgalaxy,BiscuitGalaxy,,za
61896ba2143c37878b23d12d,https://octane.gg/players/d12d-bkqss,BKQSS,,sa
619e6277f8090ec74528dbfd,https://octane.gg/players/dbfd-blade,Blade,,za
5f84c4e0c1b0ba58c1ea1fed,https://octane.gg/players/1fed-blaze,blaze.,Josh Demers,ca
61e56630da9d7ca1c7ba5006,https://octane.gg/players/5006-blazer,Blazer,,re
60b0d16d6f276bd52a382ba8,https://octane.gg/players/2ba8-bliss,Bliss,,us
5f3d8fdd95f40596eae23e5d,https://octane.gg/players/3e5d-blu3y,blu3y,Hamish Watt,nz
5f3d8fdd95f40596eae242a9,https://octane.gg/players/42a9-blue,Blue,Kel Joe Ang,my
61800faa143c37878b23bd14,https://octane.gg/players/bd14-bluedragonn,BlueDragonn,,re
5f3d8fdd95f40596eae23dc8,https://octane.gg/players/3dc8-bluey,bluey.,Dan Bluett,en
5f5ae8fdc6cbf591c568a798,https://octane.gg/players/a798-bmendesantos,bmendesantos,Bernardo Mendes,br
5f3d8fdd95f40596eae24182,https://octane.gg/players/4182-bo0odi44,bo0odi44,,sa
6169e1f0f8090ec745287c7e,https://octane.gg/players/7c7e-bodi,Bodi,,sa
61800f62143c37878b23bd08,https://octane.gg/players/bd08-bonzer,Bonzer,,za
5fdc33daaf4622aaaa8d1d1d,https://octane.gg/players/1d1d-boomer,boomer,,au
618956cbf8090ec74528ba6b,https://octane.gg/players/ba6b-bori,Bori,,sg
61658b11143c37878b238c07,https://octane.gg/players/8c07-bougee,Bougee,,au
61ebd951da9d7ca1c7ba5777,https://octane.gg/players/5777-boy974s,boy974s,,re
6295d989da9d7ca1c7bb1597,https://octane.gg/players/1597-br0s1,br0s1,,ar
5f3d8fdd95f40596eae2427d,https://octane.gg/players/427d-brad,brad,Pedro Lima,br
5f3d8fdd95f40596eae24548,https://octane.gg/players/4548-bratiche,Bratiche,,ar
60c469f79fc1a47e5f111986,https://octane.gg/players/1986-bread,Bread,,za
5f3d8fdd95f40596eae23f7d,https://octane.gg/players/3f7d-breezi,Breezi,George Rusiecki,wl
5f5ae8a8c6cbf591c568a621,https://octane.gg/players/a621-brenox,Brenox,Joao Fernandes,br
60a540bcc95ad8205ab4d133,https://octane.gg/players/d133-broski,Broski,Eu Jinn Chegne,my
617950a2f8090ec7452895a4,https://octane.gg/players/95a4-broski,broski,,in
5f3d8fdd95f40596eae24174,https://octane.gg/players/4174-brownie,Brownie.,,sa
5f3d8fdd95f40596eae23f53,https://octane.gg/players/3f53-brunovisquii,BRUNOVISQUII,Bruno Roschel,br
61800fd0f8090ec74528a5f5,https://octane.gg/players/a5f5-bubusz,Bubusz,,za
600a35953079570c02768f94,https://octane.gg/players/8f94-bubz,Bubz,,au
5f3d8fdd95f40596eae23fde,https://octane.gg/players/3fde-buddy,Buddy,Alex C.,us
61e56630da9d7ca1c7ba5007,https://octane.gg/players/5007-bunchee,Bunchee,,re
5f3d8fdd95f40596eae2437d,https://octane.gg/players/437d-bunnydummy,BunnyDummy,Ali Madari,ye
5f3d8fdd95f40596eae2414a,https://octane.gg/players/414a-burn,Burn,Shoki Minamigawa,jp
6163206ef8090ec745287461,https://octane.gg/players/7461-bustanji,Bustanji,,jo
5f3d8fdd95f40596eae2454c,https://octane.gg/players/454c-butters,Butters,,au
5f77ad09a0cb87e0663bc1bf,https://octane.gg/players/c1bf-buzayed,BuZayed,,om
5fc70265521c2b728acff32d,https://octane.gg/players/f32d-c0re,c0Re,,cl
5f3d8fdd95f40596eae23f60,https://octane.gg/players/3f60-caard,caard,Gabriel Vieira Cardoso,br
600a36013079570c0276c047,https://octane.gg/players/c047-caden,caden,,br
61800945143c37878b23bc21,https://octane.gg/players/bc21-caelum,Caelum,,jp
5f3d8fdd95f40596eae23f4d,https://octane.gg/players/3f4d-caiotg1,CaioTG1,Caio Vinicius,br
61658e65143c37878b238c87,https://octane.gg/players/8c87-caleb,caleb.,Caleb Durrant,nz
61794dadf8090ec7452894f3,https://octane.gg/players/94f3-callux,Callux,,in
610a61c79d3c410761e89934,https://octane.gg/players/9934-cam,cam.,Cameron Barker,us
6074ce8100af93009ae4fc81,https://octane.gg/players/fc81-canom,canom,Victor Matheus de Assis,br
61f916ffc437fde7e02cf099,https://octane.gg/players/f099-car,Car,,za
5f3d8fdd95f40596eae241fb,https://octane.gg/players/41fb-carca,Carca,Javier Caballero,es
616fe4b8143c37878b239e24,https://octane.gg/players/9e24-casesleet-ds,Casesleet DS,,za
5f3d8fdd95f40596eae23fa3,https://octane.gg/players/3fa3-catalysm,Catalysm,Leonardo Christ Ramos,de
5f650d4c8912af8b5ce0dbae,https://octane.gg/players/dbae-cavemanben,cavemanben,Benjamin Bliss,au
5f3d8fdd95f40596eae24276,https://octane.gg/players/4276-ceeva,ceeva,Mark Altrendo,au
6162f9d9f8090ec74528737d,https://octane.gg/players/737d-ch-andk,"Ch/&k$""!",,sg
616fe33e143c37878b239e05,https://octane.gg/players/9e05-chace,Chace,,za
5f5ae8bcc6cbf591c568a67a,https://octane.gg/players/a67a-change,change,Craig M.,au
5f3d8fdd95f40596eae23f19,https://octane.gg/players/3f19-chaos-adm,Chaos Adm,,in
5f3d8fdd95f40596eae23dc9,https://octane.gg/players/3dc9-chausette45,Chausette45,Thibault Grzesiak,fr
602b2eeea34823c27b17dd11,https://octane.gg/players/dd11-cheese,Cheese,Carlos Aguado,us
627b92f1c437fde7e02d6336,https://octane.gg/players/6336-cheesecake,CheeseCake,,in
5f3d8fdd95f40596eae23dba,https://octane.gg/players/3dba-chicago,Chicago,Reed Wilen,us
5f3d8fdd95f40596eae24188,https://octane.gg/players/4188-chikage,chikage,Yousif,sa
5f3d8fdd95f40596eae23e27,https://octane.gg/players/3e27-chilli,Chilli,Michael Wittenberg,au
5f3d8fdd95f40596eae240a4,https://octane.gg/players/40a4-chippy,Chippy,Dan Hypher,en
5f3d8fdd95f40596eae2441a,https://octane.gg/players/441a-chr1s,Chr1s,Christiano Xavier,br
616fe461f8090ec74528873e,https://octane.gg/players/873e-christianw,ChristianW,Christian Wentzel,za
5f3d8fdd95f40596eae241c9,https://octane.gg/players/41c9-chronic,Chronic,Nick Iwanski,us
627b952ac437fde7e02d63c4,https://octane.gg/players/63c4-chronosnow,ChronoSnow,,sg
5f3d8fdd95f40596eae2455d,https://octane.gg/players/455d-chub,Chub,Sam McGrath,au
62712a6bc437fde7e02d54ad,https://octane.gg/players/54ad-cironsa,Cironsa,,jp
613bafa7143c37878b236855,https://octane.gg/players/6855-civex,civex,Tom Grindell,be
5f3d8fdd95f40596eae23e59,https://octane.gg/players/3e59-cjcj,CJCJ,Cameron Johns,au
5f3d8fdd95f40596eae23e40,https://octane.gg/players/3e40-cjm,CJM,Cameron McGrouther,nz
621ca419c437fde7e02d0f54,https://octane.gg/players/0f54-ckeno,ckeno,,us
61e56690da9d7ca1c7ba501e,https://octane.gg/players/501e-claude974,claude974,,re
605d19814d63e1b16e2ff63a,https://octane.gg/players/f63a-claw-z,Claw-Z,Nishant Modak,sg
5f3d8fdd95f40596eae240d7,https://octane.gg/players/40d7-cobbo,Cobbo,Jacob Blacker,au
61e54fd6c437fde7e02cc9cf,https://octane.gg/players/c9cf-collapse,CollapSE,,jp
627b86f1da9d7ca1c7bae9c5,https://octane.gg/players/e9c5-comet,Comet,,au
5f3d8fdd95f40596eae240b2,https://octane.gg/players/40b2-comm,Comm,Robert Kyser,us
6283a688c437fde7e02d6a13,https://octane.gg/players/6a13-commutator,Commutator,Shantanu Modak,sg
5f3d8fdd95f40596eae24513,https://octane.gg/players/4513-compact,Compact.,Zeno Sterkens,be
5f3d8fdd95f40596eae23d81,https://octane.gg/players/3d81-corruptedg,CorruptedG,Gabriel Vallozzi,ca
61801185143c37878b23bd9b,https://octane.gg/players/bd9b-craggles,Craggles,,za
6007479725dd47da00ef03ec,https://octane.gg/players/03ec-crazey,Crazey,,au
5f3d8fdd95f40596eae2454f,https://octane.gg/players/454f-crazy,Crazy,Ross Muller,au
5f3d8fdd95f40596eae2404c,https://octane.gg/players/404c-creamyy,creamyy,Joakim Scheelhardt,dk
5f3d8fdd95f40596eae2413a,https://octane.gg/players/413a-creamz,creamz,Gwil Muir,wl
61800faa143c37878b23bd12,https://octane.gg/players/bd12-creativix4,Creativix4,,re
5f3d8fdd95f40596eae24191,https://octane.gg/players/4191-crespor,crespor,Nawaf Al-Osaimi,sa
61a4aa3a143c37878b23f556,https://octane.gg/players/f556-crisp,Crisp,,za
5fbda6c516fbe0e46966ac4b,https://octane.gg/players/ac4b-crispy,Crispy,Shaun Tafara Murindagomo,en
5f3d8fdd95f40596eae241f1,https://octane.gg/players/41f1-crr,crr,Cristian Fernandez,es
6083837059c52797c6784167,https://octane.gg/players/4167-crs,Crs,,uy
5f3d8fdd95f40596eae23f66,https://octane.gg/players/3f66-cruzza,Cruzza,Marom,au
6163206ef8090ec745287460,https://octane.gg/players/7460-cyan,Cyan.,,jo
626d53e8da9d7ca1c7bad59e,https://octane.gg/players/d59e-cyan,cyan.,,vn
5f3d8fdd95f40596eae242a6,https://octane.gg/players/42a6-cypso,Cypso,Sean Patrick Delos Reyes,ph
627b8a24da9d7ca1c7baea44,https://octane.gg/players/ea44-cyrax,CYRAX,,au
5f3d8fdd95f40596eae24506,https://octane.gg/players/4506-cyrexal,Cyrexal,Sacha Gilchrist,au
5f3d8fdd95f40596eae23e46,https://octane.gg/players/3e46-cyrix,cyrix,Nathan Baxter,au
61e566bada9d7ca1c7ba502f,https://octane.gg/players/502f-cz4r1c,CZ4R1C,,za
6295e832c437fde7e02d8fbd,https://octane.gg/players/8fbd-d-money,D-Money,,za
61731f04143c37878b23a259,https://octane.gg/players/a259-d3funct,D3Funct,,za
5f3d8fdd95f40596eae24389,https://octane.gg/players/4389-d7oom-24,d7oom-24,Abdulrahman Saad,sa
60c8613788116f536df969c7,https://octane.gg/players/69c7-dabbod,DabboD,,ph
6162fcdbf8090ec7452873dd,https://octane.gg/players/73dd-dabbod14,DabboD14,,ph
618960d2143c37878b23d00c,https://octane.gg/players/d00c-dadarr,Dadarr,,id
5f3d8fdd95f40596eae23e41,https://octane.gg/players/3e41-daisu,Daisu,Douglas Smith,au
60c469b99fc1a47e5f11196f,https://octane.gg/players/196f-daisy,Daisy,Kamran Christopher Naidoo,za
6067a5f4cf18b166eaa55c43,https://octane.gg/players/5c43-dam,Dam,,ar
61dc141cda9d7ca1c7ba3fa8,https://octane.gg/players/3fa8-damo,Damo,,au
5f3d8fdd95f40596eae24363,https://octane.gg/players/4363-daniel,Daniel,Daniel Piecenski,us
5f77af56a0cb87e0663bc4f7,https://octane.gg/players/c4f7-danielito,Danielito,,cl
605d19814d63e1b16e2ff63b,https://octane.gg/players/f63b-dann,Dann,,sg
619e61cb143c37878b23f058,https://octane.gg/players/f058-dante17021,Dante17021,,za
6051090c2629ffaa11f79424,https://octane.gg/players/9424-dappluto,dappluto,,br
5f3d8fdd95f40596eae23d89,https://octane.gg/players/3d89-dappur,Dappur,Chris Mendoza,us
6162fc0ff8090ec7452873b9,https://octane.gg/players/73b9-darkelimination,DarkElimination,,bd
60bb4abf6d9c1362119ca7d3,https://octane.gg/players/a7d3-darth,Darth.,Ethan Deysel,za
616d8e4df8090ec745288391,https://octane.gg/players/8391-darxtz,darxtz,Matheus Gabriel,br
6162fcdbf8090ec7452873de,https://octane.gg/players/73de-david,David,,ph
628cd6ebc437fde7e02d813e,https://octane.gg/players/813e-davidnicholai,davidnicholai,,ph
61e55ebec437fde7e02ccb00,https://octane.gg/players/cb00-davindson,davindson,,br
5f3d8fdd95f40596eae240d9,https://octane.gg/players/40d9-davinsano,davinsano,Davi Augusto Silva Chaves,br
5f3d8fdd95f40596eae24418,https://octane.gg/players/4418-davitrox,Davitrox,David Gárate,cl
603d350a379faff731b9fcf6,https://octane.gg/players/fcf6-davoof,Davoof,Davide Lo Cicero,it
629b2251da9d7ca1c7bb1c84,https://octane.gg/players/1c84-dcln,Dcln,,za
6266e0aada9d7ca1c7bad083,https://octane.gg/players/d083-ddilsta,DDilsta,,th
5f3d8fdd95f40596eae2403c,https://octane.gg/players/403c-dead-monster,Dead-Monster,Lorenzo Tongiorgi,it
5f3d8fdd95f40596eae240df,https://octane.gg/players/40df-deathxplotion,Deathxplotion,Bryan,cl
61731b9b143c37878b23a1d2,https://octane.gg/players/a1d2-dece1ver,dece1ver,,za
5f3d8fdd95f40596eae23f0a,https://octane.gg/players/3f0a-decka,Decka,Alex Tsoutsouras,au
5f3d8fdd95f40596eae23da0,https://octane.gg/players/3da0-deevo,Deevo,David Morrow,en
60c5cb379fc1a47e5f111abc,https://octane.gg/players/1abc-defiant,defiant,,jp
61801932f8090ec74528a6b8,https://octane.gg/players/a6b8-deliivery_god,Deliivery_God,,br
5f3d8fdd95f40596eae240b4,https://octane.gg/players/40b4-delta,Delta,Robbie Zager,us
5f3d8fdd95f40596eae23e61,https://octane.gg/players/3e61-delusion,delusioN,Aiden Hendry,au
60be0f77490bd8649dd30797,https://octane.gg/players/0797-deluxewiz,DeluxeWiz,Manesh Gandhi,in
60be178a490bd8649dd3082f,https://octane.gg/players/082f-dep,dep,Daffa Ramadhan,id
62712bd7c437fde7e02d54fc,https://octane.gg/players/54fc-depth,Depth,,jp
5f3d8fdd95f40596eae242a7,https://octane.gg/players/42a7-derk,Derk,Derrick Delos Reyes,ph
61896953f8090ec74528bb73,https://octane.gg/players/bb73-devezy,Devezy,,sa
5f3d8fdd95f40596eae24265,https://octane.gg/players/4265-diaz,diaz,Joshua Diaz,us
6162fd21f8090ec7452873ee,https://octane.gg/players/73ee-diesalot,diesalot,,in
619e616e143c37878b23f032,https://octane.gg/players/f032-dillawave,Dillawave,,re
61795310f8090ec7452895bf,https://octane.gg/players/95bf-distrion,distrion,,qa
6162fa9af8090ec74528738c,https://octane.gg/players/738c-dizzo,Dizzo,,in
6213e30cc437fde7e02d07e0,https://octane.gg/players/07e0-dlfi,dlfi.,,sa
5f3d8fdd95f40596eae23e28,https://octane.gg/players/3e28-dmentza,DmentZa,Raúl Palazuelos,es
5f3d8fdd95f40596eae23dd7,https://octane.gg/players/3dd7-doomsee,Doomsee,Ryan Graham,en
5f3d8fdd95f40596eae2452a,https://octane.gg/players/452a-dorito,Dorito,Ivan Ruiz Jiménez,es
5f6a65e5a882dc387d010529,https://octane.gg/players/0529-dreaz,dreaz,Andres Jordan,us
600a36013079570c0276c048,https://octane.gg/players/c048-dreevo,dreevo,,br
5f3d8fdd95f40596eae24131,https://octane.gg/players/4131-droppz,droppz,Guilherme Siqueira,br
5fb5cdef08615f1e71dbcb89,https://octane.gg/players/cb89-druee,Druee,Andrew Prill,us
5f3d8fdd95f40596eae24416,https://octane.gg/players/4416-drufinho,drufinho,Arthur Langsch Miguel,br
61f91694da9d7ca1c7ba759a,https://octane.gg/players/759a-duklaz,Duklaz,,za
5f3d8fdd95f40596eae23f41,https://octane.gg/players/3f41-dumbwaystodie,DumbWaysToDie,,sg
6295ceb7da9d7ca1c7bb13d8,https://octane.gg/players/13d8-dying,Dying,,es
6284c122da9d7ca1c7baf69a,https://octane.gg/players/f69a-dylan,DylaN,,br
61f916ffc437fde7e02cf098,https://octane.gg/players/f098-dynamo,Dynamo,,za
5f3d8fdd95f40596eae24351,https://octane.gg/players/4351-easel,Easel,Aqil Rusyaidi,bn
60c5cdd99fc1a47e5f111b3d,https://octane.gg/players/1b3d-echo,Echo.,,jp
60bb4e1bbd0db240d7a31f8c,https://octane.gg/players/1f8c-echo,echo.,,za
61658b11143c37878b238c08,https://octane.gg/players/8c08-eckey,Eckey,,au
60bbce346dcdb413cff649ab,https://octane.gg/players/49ab-eclail,EclaiL,,jp
5f9e1becd37c44ef43654b04,https://octane.gg/players/4b04-eclipse,Eclipse,Aron Jones,wl
6295daa8da9d7ca1c7bb15e6,https://octane.gg/players/15e6-edu,Edu,,br
5f9c84525246bf27936bd408,https://octane.gg/players/d408-eekso,eekso,Dylan Pickering,en
61daed76c437fde7e02cb7c9,https://octane.gg/players/b7c9-eenox,Eenox,,sa
61e566bada9d7ca1c7ba5030,https://octane.gg/players/5030-eggnogg,Eggnogg,,za
5f3d8fdd95f40596eae24399,https://octane.gg/players/4399-eizo,Eizo,,sa
5f3d8fdd95f40596eae244a3,https://octane.gg/players/44a3-ejby,ejby,William Ejby Lorentzen,dk
5f3d8fdd95f40596eae23f44,https://octane.gg/players/3f44-ekon,Ekon,Thomas Chenel,fr
5f3d8fdd95f40596eae24347,https://octane.gg/players/4347-electro,Electro,Lucas Santos,br
5f3d8fdd95f40596eae242dc,https://octane.gg/players/42dc-eleven,Eleven,Elven Seow,sg
5f3d8fdd95f40596eae241e2,https://octane.gg/players/41e2-elexit,EleXiT.,Alexis Sevré,fr
61731962f8090ec745288a9b,https://octane.gg/players/8a9b-elf,Elf,,za
5f3d8fdd95f40596eae240d6,https://octane.gg/players/40d6-eli,eli,Eli C.,au
61731f04143c37878b23a258,https://octane.gg/players/a258-eliakimza,EliakimZA,,za
6284d720c437fde7e02d6ea1,https://octane.gg/players/6ea1-elma,Elma,,jp
5f3d8fdd95f40596eae244b1,https://octane.gg/players/44b1-elomarmaton,ElOmarMaton,Omar Alba,mx
5f3d8fdd95f40596eae23f73,https://octane.gg/players/3f73-emre,emre,Emre Akbalik,de
61794cf8f8090ec7452894c7,https://octane.gg/players/94c7-engee,Engee,,in
616fe461f8090ec74528873d,https://octane.gg/players/873d-entity,eNtiTy._,,za
6024a1422d55a46a83a2b65b,https://octane.gg/players/b65b-eris,Eris,,us
61e56868c437fde7e02ccbf6,https://octane.gg/players/cbf6-erratic,Erratic,,za
620a7c2fc437fde7e02cff2a,https://octane.gg/players/ff2a-errorless,Errorless,,sa
628cd7fcc437fde7e02d818d,https://octane.gg/players/818d-ethanhunt927,Ethanhunt927,,in
607d7db2473f172e4c0d3fa1,https://octane.gg/players/3fa1-evil97,EviL97,Ali Alshehri,sa
5fab3e4665a68fabf15a7190,https://octane.gg/players/7190-exile,Exile,Vuk Vukovic,au
5f3d8fdd95f40596eae2455f,https://octane.gg/players/455f-exodus,Exodus,Aaron Sinclair,au
5f3d8fdd95f40596eae24142,https://octane.gg/players/4142-exotiik,ExoTiiK,Brice Bigeard,fr
5f3d8fdd95f40596eae23e53,https://octane.gg/players/3e53-express,Express,Jonathan Slade,au
5f3d8fdd95f40596eae23fb9,https://octane.gg/players/3fb9-extra,Extra,Alex Paoli,fr
61801932f8090ec74528a6b9,https://octane.gg/players/a6b9-eygvi,Eygvi,,br
6295e068da9d7ca1c7bb172c,https://octane.gg/players/172c-f00f00,f00f00,,jp
6193d275143c37878b23dc1f,https://octane.gg/players/dc1f-f2hadiv,F2Hadiv,,om
6266db7ec437fde7e02d4903,https://octane.gg/players/4903-f9,f9.,,sa
616320b0f8090ec745287471,https://octane.gg/players/7471-fahad,Fahad.,,sa
61ed28c5da9d7ca1c7ba5b2c,https://octane.gg/players/5b2c-fahad-king,FaHaD KING,,sa
5fadd1c3a392ba2afb9f25a4,https://octane.gg/players/25a4-fahad77,Fahad77,Fahad Ali,sa
5f3d8fdd95f40596eae23dad,https://octane.gg/players/3dad-fairy-peak,Fairy Peak!,Victor Locquet,fr
5f99d065786e9eb85284d9bb,https://octane.gg/players/d9bb-faisal,Faisal,Faisal Alghamdi,sa
628cd2c5c437fde7e02d8053,https://octane.gg/players/8053-faisal,Faisal,,sa
5f3d8fdd95f40596eae241c3,https://octane.gg/players/41c3-falss,Falss,Erick del Castillo,mx
6271313eda9d7ca1c7badce7,https://octane.gg/players/dce7-fantasy,fantasy.,,re
6266d9e0da9d7ca1c7bacf45,https://octane.gg/players/cf45-fares,Fares,,sa
5f3d8fdd95f40596eae23f48,https://octane.gg/players/3f48-fasi,fAsi,Pedro Henrique Rodrigues,br
616fe33e143c37878b239e04,https://octane.gg/players/9e04-fearlesscarrot,fearlesscarrot,,za
5f3d8fdd95f40596eae244b0,https://octane.gg/players/44b0-fefe,Fefe,Fernando Huizar,us
5fc430a7133774d1c57b0fb0,https://octane.gg/players/0fb0-fergm,FERGM,Fernando Gil,es
6295e309da9d7ca1c7bb17de,https://octane.gg/players/17de-fetelix,FeteLix,,jp
616da9ecf8090ec7452886b7,https://octane.gg/players/86b7-fettic,Fettic,Yu-Jin Kim,kr
5f3d8fdd95f40596eae24077,https://octane.gg/players/4077-fever,Fever,Lachlan Aitchison,au
5f3d8fdd95f40596eae242c9,https://octane.gg/players/42c9-fiberr,Fiberr,Ezequiel Aranda-Lovito,au
5f3d8fdd95f40596eae23f1a,https://octane.gg/players/3f1a-fibo,Fibo,,in
5f8648d5c1b0ba58c1ea22e8,https://octane.gg/players/22e8-ficeo,Ficeo,Jassen Sandrio,id
5f3d8fdd95f40596eae23ff1,https://octane.gg/players/3ff1-finn,finn,Finn J,au
5f3d8fdd95f40596eae24394,https://octane.gg/players/4394-firas,Firas,Firas Al-Shehri,sa
5f3d8fdd95f40596eae23f64,https://octane.gg/players/3f64-firefoxd,FirefoxD,Antonio Schilling,br
5f3d8fdd95f40596eae2453b,https://octane.gg/players/453b-firemanjonas,FiremanJonas,Jonas Lohne,no
60b0ce9a6f276bd52a382b9d,https://octane.gg/players/2b9d-fireraptor,FireRaptor,Zach Ellis,us
5f3d8fdd95f40596eae23eb6,https://octane.gg/players/3eb6-firstkiller,Firstkiller,Jason Corral,us
620a847dda9d7ca1c7ba8599,https://octane.gg/players/8599-fizz,Fizz,,my
5f3d8fdd95f40596eae23e7e,https://octane.gg/players/3e7e-flakes,Flakes,Hrant Yakoub,nl
5f3d8fdd95f40596eae23e78,https://octane.gg/players/3e78-flame,FlamE,Jack Pearton,en
5f3d8fdd95f40596eae24541,https://octane.gg/players/4541-flare,Flare,Benjamin Orellana Sepulveda,cl
6266df65c437fde7e02d49ac,https://octane.gg/players/49ac-flare63,flare63,,ph
619e612ff8090ec74528dbc9,https://octane.gg/players/dbc9-flem-de-joue,Flem de joue,,re
60500f42097037e8dbbea67d,https://octane.gg/players/a67d-flip,flip,,br
5f3d8fdd95f40596eae2451f,https://octane.gg/players/451f-flitz,Flitz,Dylan Taussig,us
62712854c437fde7e02d541f,https://octane.gg/players/541f-flugel,Flugel,,jp
5f77af45a0cb87e0663bc49b,https://octane.gg/players/c49b-fluqwit,fluqwit,William E.,au
5f3d8fdd95f40596eae23f06,https://octane.gg/players/3f06-flux,Flux,Alec Khouri,au
5f3d8fdd95f40596eae241cd,https://octane.gg/players/41cd-forece,Forece,Léo Boulon,fr
5f3d8fdd95f40596eae24109,https://octane.gg/players/4109-forky,Forky,Carson Howard,us
605d19814d63e1b16e2ff63c,https://octane.gg/players/f63c-fortymula7,Fortymula7,Md Fardin Nahid,sg
5f3d8fdd95f40596eae23dae,https://octane.gg/players/3dae-freakii,FreaKii.,Sandro Holzwarth,de
620a7ee7da9d7ca1c7ba8492,https://octane.gg/players/8492-frederon,Frederon,,id
5fab3e4665a68fabf15a7191,https://octane.gg/players/7191-freeze,Freeze,,au
5f3d8fdd95f40596eae23fda,https://octane.gg/players/3fda-freshness,Freshness,Martin Totev,ca
60bb4b986d9c1362119ca7fd,https://octane.gg/players/a7fd-friction,Friction,,za
60be0f77490bd8649dd30796,https://octane.gg/players/0796-friizy,Friizy,,in
616fe556f8090ec745288756,https://octane.gg/players/8756-frostyy,Frostyy,,za
5f3d8fdd95f40596eae23ecc,https://octane.gg/players/3ecc-fruity,fruity,Emil Moselund,dk
628cd866c437fde7e02d81ac,https://octane.gg/players/81ac-frwz,Frwz,,id
61950263143c37878b23e165,https://octane.gg/players/e165-fsan,Fsan,,jp
616daa42f8090ec7452886ce,https://octane.gg/players/86ce-furlashh,furlashh,Caden Shimazawa,us
628cd2c5c437fde7e02d8054,https://octane.gg/players/8054-fxlr,Fxlr,,sa
61f915dfda9d7ca1c7ba755f,https://octane.gg/players/755f-galaxyyyy,Galaxyyyy,,za
6194ff92f8090ec74528cca6,https://octane.gg/players/cca6-gale_k,Gale_K,,jp
5f3d8fdd95f40596eae23d6f,https://octane.gg/players/3d6f-garrettg,GarrettG,Garrett Gordon,us
5f3d8fdd95f40596eae240e7,https://octane.gg/players/40e7-gatox,GaTox,,cl
5fdc33a6af4622aaaa8cf8f3,https://octane.gg/players/f8f3-geb,geb.,,au
5f77ad1ea0cb87e0663bc1d0,https://octane.gg/players/c1d0-gekk,Gekk,Wouter Vrakking,nl
5faea93ae9ce4ed313e9a8bb,https://octane.gg/players/a8bb-geo,Geo,George Biddlecombe,nz
5f3d8fdd95f40596eae23f69,https://octane.gg/players/3f69-ghost,Ghost,Ben Phair,au
61895700f8090ec74528ba73,https://octane.gg/players/ba73-ghostfire,Ghostfire,,ph
5f3d8fdd95f40596eae2427e,https://octane.gg/players/427e-gian,Gian,Gian M.,br
5f3d8fdd95f40596eae23d94,https://octane.gg/players/3d94-gimmick,Gimmick,Jesus Parra,us
628cdabac437fde7e02d825f,https://octane.gg/players/825f-glisters,Glisters_,,ph
5f3d8fdd95f40596eae2438f,https://octane.gg/players/438f-glowz,Glowz,,sa
5f3d8fdd95f40596eae23ec2,https://octane.gg/players/3ec2-godsmilla,Godsmilla,Leon Mares,de
5f3d8fdd95f40596eae24355,https://octane.gg/players/4355-gon,Gon,Handy Setiawan,id
60c46a9b9fc1a47e5f1119aa,https://octane.gg/players/19aa-grape,Grape,,za
6172b0bf143c37878b239f89,https://octane.gg/players/9f89-grkn,grkn,,jp
5f3d8fdd95f40596eae24028,https://octane.gg/players/4028-growlii,Growlii,Joseph Caffrey,en
605961fb426b95b9dd51146d,https://octane.gg/players/146d-gus,Gus,Angus Hall,au
61ed2bebda9d7ca1c7ba5b68,https://octane.gg/players/5b68-gwlany,Gwlany,,sa
5f3d8fdd95f40596eae23edb,https://octane.gg/players/3edb-gyro,Gyro.,Jirair Papazian,us
61e551d2c437fde7e02cca28,https://octane.gg/players/ca28-h4lft1me,H4LFT1ME_,,jp
60bb4bfa6d9c1362119ca80e,https://octane.gg/players/a80e-h4mburger,h4mburger,,za
5f3d8fdd95f40596eae23f5c,https://octane.gg/players/3f5c-haberkamper,Haberkamper,Bruno Haberkamp,br
617953b7143c37878b23aeb5,https://octane.gg/players/aeb5-hamadi,Hamadi,,ly
60be18279fc1a47e5f111494,https://octane.gg/players/1494-hamtawo,hamtawo,,id
60bb4abf6d9c1362119ca7d0,https://octane.gg/players/a7d0-happymeal,Happymeal,David du Plessis,za
5f3d8fdd95f40596eae24508,https://octane.gg/players/4508-happypingoo,Happypingoo,,au
5f3d8fdd95f40596eae2414d,https://octane.gg/players/414d-hargun,Hargun,Hargun Singh,in
5f3d8fdd95f40596eae24381,https://octane.gg/players/4381-haru,Haru,,jp
616dabf2f8090ec7452886f3,https://octane.gg/players/86f3-harutiki,Harutiki,,jp
600a352d3079570c0276617e,https://octane.gg/players/617e-hasyimf,Hasyimf,Hasyim Firdaus,id
6179545bf8090ec74528960f,https://octane.gg/players/960f-hatem,Hatem.,,sa
5f3d8fdd95f40596eae24078,https://octane.gg/players/4078-hawk,Hawk,Connor Baldock,au
6284dec7da9d7ca1c7baf928,https://octane.gg/players/f928-heatzyrl,HeatzyRL,,re
61ed2beada9d7ca1c7ba5b67,https://octane.gg/players/5b67-heisenberg,Heisenberg,,sa
619e612ff8090ec74528dbca,https://octane.gg/players/dbca-hekslyx,HeksLyx,,re
627b92f1c437fde7e02d6335,https://octane.gg/players/6335-hencov1d,hencov1d,,
61896b37143c37878b23d10f,https://octane.gg/players/d10f-hero,HERO,,sa
61ee794dda9d7ca1c7ba5e39,https://octane.gg/players/5e39-hexa,Hexa,,bd
61daf533da9d7ca1c7ba3e00,https://octane.gg/players/3e00-hexa-is-tired,Hexa is Tired,,bd
5f3d8fdd95f40596eae24235,https://octane.gg/players/4235-hibbs,hibbs,Joseph Jamie Hibbert,en
60be08ea490bd8649dd3073f,https://octane.gg/players/073f-hireo,Hireo,Joaquin Abesamis,ph
60c5ca0f9fc1a47e5f111aac,https://octane.gg/players/1aac-hiro_m,Hiro_m,Hiroki Masuda,jp
61ee7b4eda9d7ca1c7ba5ea1,https://octane.gg/players/5ea1-hirodane,Hirodane,,in
6169e123143c37878b23934c,https://octane.gg/players/934c-hisoka,Hisoka,Osama Ali,sa
61f9101bda9d7ca1c7ba74a9,https://octane.gg/players/74a9-hkrn,HKRN,,jp
61daed15da9d7ca1c7ba3ca9,https://octane.gg/players/3ca9-hmo,HMO,,sa
5f3d8fdd95f40596eae24271,https://octane.gg/players/4271-hocke,hockE,Stephen H.,us
5f3d8fdd95f40596eae23f75,https://octane.gg/players/3f75-hockser,hockser,Colby James,us
61895535143c37878b23cf91,https://octane.gg/players/cf91-holytrinity,HolyTrinity,,in
5f3d8fdd95f40596eae242c6,https://octane.gg/players/42c6-homie,Homie,Ethan Connors,au
6284d785c437fde7e02d6eb7,https://octane.gg/players/6eb7-hosino_vt,Hosino_VT,,jp
62712854c437fde7e02d5420,https://octane.gg/players/5420-howaitea,Howaitea,,jp
5fadd1c2a392ba2afb9f2414,https://octane.gg/players/2414-hughesy,Hughesy,Alex Hughes,au
6266d884da9d7ca1c7bacee0,https://octane.gg/players/cee0-humble,Humble,,jo
5f3d8fdd95f40596eae24044,https://octane.gg/players/4044-hyderr,Hyderr,Giovanni Spagnuolo,it
627b97c8da9d7ca1c7baebe9,https://octane.gg/players/ebe9-i8hw2,i8hw2,,sa
5f3d8fdd95f40596eae24130,https://octane.gg/players/4130-ianpinheiro,ianpinheiro,Gabriel Pinheiro,br
6194ff46f8090ec74528cc8e,https://octane.gg/players/cc8e-ichimatsu,Ichimatsu,,jp
600a35593079570c02767514,https://octane.gg/players/7514-igarashi,igarashI,,br
6295e309da9d7ca1c7bb17dc,https://octane.gg/players/17dc-ika-eater,ika eater,,jp
616fe556f8090ec74528875a,https://octane.gg/players/875a-ilycoffeee,ilycoffeee,,za
6266e076c437fde7e02d49e0,https://octane.gg/players/49e0-immo,Immo.,,id
61ebd735c437fde7e02cd239,https://octane.gg/players/d239-impie_sappie,Impie_sappie,,za
5f3d8fdd95f40596eae24170,https://octane.gg/players/4170-impressive,Impressive,Bandar Al-Shaikh,sa
61e55251c437fde7e02cca41,https://octane.gg/players/ca41-ine07233,ine07233,,jp
5f3d8fdd95f40596eae23fa0,https://octane.gg/players/3fa0-inferno,Inferno,Jørgen Klaastad,no
616d8dd0f8090ec745288365,https://octane.gg/players/8365-ipa,ipa   ,,ar
61ee7dd4da9d7ca1c7ba5ee3,https://octane.gg/players/5ee3-iris,Iris.,,au
5f3d8fdd95f40596eae241cf,https://octane.gg/players/41cf-iryzer,Iryzer,Mehdi Kheloui,fr
617953b7143c37878b23aeb7,https://octane.gg/players/aeb7-islamdr03,IslamDR03,,ly
616d8e4df8090ec745288392,https://octane.gg/players/8392-isuquin,iSuquin,Maurício Dalavia,br
5f5ae840c6cbf591c568a477,https://octane.gg/players/a477-itachi,itachi,Amine Benayachi,ma
61794c70143c37878b23adc2,https://octane.gg/players/adc2-itsuki,Itsuki,,ph
5f3d8fdd95f40596eae24211,https://octane.gg/players/4211-ivan,Ivan.,,es
5f3d8fdd95f40596eae23e10,https://octane.gg/players/3e10-ivn,ivn,Ivan Mohammad,at
5f3d8fdd95f40596eae24171,https://octane.gg/players/4171-ix,ix,,sa
6193d275143c37878b23dc20,https://octane.gg/players/dc20-ixkillerx,ixKillerx,,sa
6189628ff8090ec74528bac8,https://octane.gg/players/bac8-izzikan,izzikan,,sg
61daedebda9d7ca1c7ba3cdc,https://octane.gg/players/3cdc-j8r,J8r,,sa
6177fed0143c37878b23ac48,https://octane.gg/players/ac48-jack,Jack,,au
612a57b387f814e9fb00023e,https://octane.gg/players/023e-jackay,Jackay,,au
61ee7dd4da9d7ca1c7ba5ee4,https://octane.gg/players/5ee4-jackko,Jackko,,au
5f3d8fdd95f40596eae23d7b,https://octane.gg/players/3d7b-jacob,Jacob,Jacob McDowell,us
5f3d8fdd95f40596eae242c4,https://octane.gg/players/42c4-jaffa,Jaffa,,au
621c9634da9d7ca1c7ba9345,https://octane.gg/players/9345-jakes,jakes  ,,br
60c8613788116f536df969c5,https://octane.gg/players/69c5-jamerch,Jamerch,Jamie Au Yeung,sg
61794c34f8090ec7452894a3,https://octane.gg/players/94a3-jamity,Jamity.,,mv
5f3d8fdd95f40596eae23efa,https://octane.gg/players/3efa-jarelnaden,JarelNaden,Naden Jarel,sg
5f3d8fdd95f40596eae24344,https://octane.gg/players/4344-jauum,jauum,João Victor Giraldelli	,br
5f3d8fdd95f40596eae244c4,https://octane.gg/players/44c4-jay,Jay,Josh Podruzny,ca
61794b5f143c37878b23ad90,https://octane.gg/players/ad90-jayk,jayk,,in
61950fbf143c37878b23e3b1,https://octane.gg/players/e3b1-jbinho,jbinho.,,br
5f3d8fdd95f40596eae244ae,https://octane.gg/players/44ae-jbot,Jbot,Jason Stentz,us
616da8bf143c37878b239d76,https://octane.gg/players/9d76-jealous,JEALOUS,,jp
5f3d8fdd95f40596eae23e8c,https://octane.gg/players/3e8c-jelly,Jelly,Blake D.,au
60c46a74490bd8649dd30e78,https://octane.gg/players/0e78-jerome-in-da-bath,Jerome in da bath,,za
625d6b7ec437fde7e02d3b72,https://octane.gg/players/3b72-jg,JG,,br
5f3d8fdd95f40596eae24552,https://octane.gg/players/4552-jimby,Jimby,,au
620a7c2fc437fde7e02cff2b,https://octane.gg/players/ff2b-jinn,jinn,,jo
5f3d8fdd95f40596eae23d8f,https://octane.gg/players/3d8f-jknaps,JKnaps,Jacob Knapman,ca
6284c398da9d7ca1c7baf712,https://octane.gg/players/f712-jmp,jmp,,ar
607d7c77473f172e4c0cf60d,https://octane.gg/players/f60d-jocse,jocse,Nirjhar Mitra,in
612c8f0887f814e9fb00043b,https://octane.gg/players/043b-jodelva,Jodelva,,au
5f3d8fdd95f40596eae24550,https://octane.gg/players/4550-joel,Joel,Joel C,au
61695feaf8090ec745287a98,https://octane.gg/players/7a98-john,john,,en
625d6b58da9d7ca1c7bac23c,https://octane.gg/players/c23c-joonn,Joonn,,br
61f914f2c437fde7e02cf01e,https://octane.gg/players/f01e-joosh,joosh,,za
5f3d8fdd95f40596eae2413b,https://octane.gg/players/413b-jordan,Jordan,Daniel Bholla,ca
5f3d8fdd95f40596eae24163,https://octane.gg/players/4163-joreuz,Joreuz,Joris Robben,nl
61951219f8090ec74528ceea,https://octane.gg/players/ceea-joryx,joryx,,au
616fe461f8090ec74528873f,https://octane.gg/players/873f-josho,josho,,za
5fdc33d4af4622aaaa8d1784,https://octane.gg/players/1784-joshuadx7,Joshuadx7,,nz
628cd1fac437fde7e02d801a,https://octane.gg/players/801a-jowid,Jowid,,sa
5f3d8fdd95f40596eae24232,https://octane.gg/players/4232-joyo,Joyo,Joe Young,en
61895570f8090ec74528ba2e,https://octane.gg/players/ba2e-joyy,Joyy,,in
5f3d8fdd95f40596eae24137,https://octane.gg/players/4137-jpow,JPow,,us
5f5ac3bfcf2177bd68e21d1d,https://octane.gg/players/1d1d-jruss,jruss,Jacob Clarkson,us
60c1eb7c490bd8649dd30c03,https://octane.gg/players/0c03-jsm,JSM,,sa
5f3d8fdd95f40596eae23dcf,https://octane.gg/players/3dcf-jstn,jstn.,Justin Morales,us
616fe5b1143c37878b239e43,https://octane.gg/players/9e43-jtw,JTW,,za
613bb45ef8090ec7452852fb,https://octane.gg/players/52fb-juck,juck,,au
60b9e0fd750df5a9c034d214,https://octane.gg/players/d214-juicy,juicy,Charles Sabiani,fr
5f3d8fdd95f40596eae24567,https://octane.gg/players/4567-junior,Junior,Andy L,au
5f3d8fdd95f40596eae2445e,https://octane.gg/players/445e-jushu,Jushu,,ae
616da7d6f8090ec74528868a,https://octane.gg/players/868a-justomon,justomon.,,jp
60c46906490bd8649dd30e59,https://octane.gg/players/0e59-justspecs,JustSpecs,,za
5f3d8fdd95f40596eae23fad,https://octane.gg/players/3fad-justuszzz,Justuszzz,Justus Zielhuis,nl
616fe5b1143c37878b239e42,https://octane.gg/players/9e42-jwe,JWE,,za
60bb4b446d9c1362119ca7ec,https://octane.gg/players/a7ec-k-nine,K-Nine,,eg
60be18279fc1a47e5f111493,https://octane.gg/players/1493-k1d5,K1d5,,us
61f91289da9d7ca1c7ba7528,https://octane.gg/players/7528-k4n4_r,K4n4_r,,jp
6162fbe5f8090ec7452873b1,https://octane.gg/players/73b1-kabbo,kabbo,Kabbo Razzaque,bd
5fadd1c1a392ba2afb9f2358,https://octane.gg/players/2358-kachow,Kachow,,au
621ca5eac437fde7e02d0fd5,https://octane.gg/players/0fd5-kaden,Kaden,,za
616fe4b8143c37878b239e23,https://octane.gg/players/9e23-kadenp,Kadenp,,za
6177fed0143c37878b23ac46,https://octane.gg/players/ac46-kadenyy,kadenyy,,au
5f3d8fdd95f40596eae2414e,https://octane.gg/players/414e-kaizen,Kaizen,Sahid Mohammed Zaiffy,sg
6007476925dd47da00eef774,https://octane.gg/players/f774-kaka,kaka,Josh W,au
61e54edcc437fde7e02cc9aa,https://octane.gg/players/c9aa-kaka0-mame,KAKA0/\MAME.,,jp
61dc125cc437fde7e02cba21,https://octane.gg/players/ba21-kalistiik,Kalistiik,,au
5f3d8fdd95f40596eae23e36,https://octane.gg/players/3e36-kamii,Kamii,Cameron Ingram,nz
6295e0c5c437fde7e02d8ec6,https://octane.gg/players/8ec6-kanoso,kanoso,,jp
5f3d8fdd95f40596eae23ee5,https://octane.gg/players/3ee5-kanra,Kanra,Yukito Nishikawa,jp
5f3d8fdd95f40596eae23f8e,https://octane.gg/players/3f8e-kaotik,Kaotik,Jules Blondel,fr
62713181da9d7ca1c7badd06,https://octane.gg/players/dd06-karma,Karma.,,re
60be0d279fc1a47e5f1113e6,https://octane.gg/players/13e6-karthikb351,karthikb351,,in
5f3d8fdd95f40596eae24024,https://octane.gg/players/4024-kash,Kash,Kurtis Cannon,en
5f3d8fdd95f40596eae23ee0,https://octane.gg/players/3ee0-kassio,Kassio,Andy Landais,fr
61ebd821c437fde7e02cd256,https://octane.gg/players/d256-kasumi_momoshiro,Kasumi_Momoshiro,,re
616daa42f8090ec7452886d0,https://octane.gg/players/86d0-katosho,katosho,Sho Kato,jp
5f3d8fdd95f40596eae23d9a,https://octane.gg/players/3d9a-kaydop,Kaydop,Alexandre Courant,fr
602b2eeea34823c27b17dd12,https://octane.gg/players/dd12-kayex,kayex,Andrew Claudio,us
5f3d8fdd95f40596eae24528,https://octane.gg/players/4528-kei,Kei,,id
61731b9b143c37878b23a1d3,https://octane.gg/players/a1d3-kenobiwan10x_x,Kenobiwan10x_x,,za
5f3d8fdd95f40596eae24159,https://octane.gg/players/4159-kenzo,Kenzo,,fr
61695feaf8090ec745287a99,https://octane.gg/players/7a99-kevin,Kevin,Kevin Ameye,th
5f3d8fdd95f40596eae23e2a,https://octane.gg/players/3e2a-kiermonster,KierMonsteR,Francisco Javier Carrasco,es
5f3d8fdd95f40596eae24029,https://octane.gg/players/4029-kiernan,Kiernan,Robert Kiernan,ie
6180089c143c37878b23bc03,https://octane.gg/players/bc03-king,KING,,jp
6266da5dda9d7ca1c7bacf5b,https://octane.gg/players/cf5b-king,King.,,sa
61daedb6da9d7ca1c7ba3ccd,https://octane.gg/players/3ccd-king_xx21,King_Xx21,,sa
5f3d8fdd95f40596eae24138,https://octane.gg/players/4138-kinseh,kinseh,Sukhpartik Kahlon,us
5f3d8fdd95f40596eae24272,https://octane.gg/players/4272-kirii,kirii,Dillen Johnson,us
5f3d8fdd95f40596eae244b5,https://octane.gg/players/44b5-kisai,Kisai,Maël Vilain,fr
61e54e6eda9d7ca1c7ba4e86,https://octane.gg/players/4e86-kishin,kishin,,jp
5f3d8fdd95f40596eae24345,https://octane.gg/players/4345-kixou,kixou,Bruno Moreno,br
61ee7ab1c437fde7e02cda15,https://octane.gg/players/da15-kiyohime,Kiyohime,,sg
5fc7027b521c2b728acffea2,https://octane.gg/players/fea2-klaus,Klaus,Jonathan Eduardo,br
5fbda6d716fbe0e46966afeb,https://octane.gg/players/afeb-klawzt,klawzt,,ar
61800f62143c37878b23bd0a,https://octane.gg/players/bd0a-kneeknow,KneeKnow,,za
61794dadf8090ec7452894f2,https://octane.gg/players/94f2-knightshadz,Knightshadz,,in
5f3d8fdd95f40596eae2433e,https://octane.gg/players/433e-kns,KnS,Kaique Silva,br
61800bfd143c37878b23bcc2,https://octane.gg/players/bcc2-koehari,Koehari_,,jp
616da8bf143c37878b239d75,https://octane.gg/players/9d75-komeno_333,KOMENO_333,,jp
616da9ecf8090ec7452886b6,https://octane.gg/players/86b6-kor_la,KOR_La,,kr
61950799f8090ec74528cd98,https://octane.gg/players/cd98-koykle,Koykle,,jp
61950fbf143c37878b23e3b2,https://octane.gg/players/e3b2-krahyz,krahyz,,br
5f3d8fdd95f40596eae241c2,https://octane.gg/players/41c2-kraziks,Kraziks,Trentin Wade,us
607d7dac473f172e4c0d3e73,https://octane.gg/players/3e73-krilin,Krilin,,jp
628cd7fcc437fde7e02d818e,https://octane.gg/players/818e-krono,Krono,,vn
5f3d8fdd95f40596eae23d7e,https://octane.gg/players/3d7e-kronovi,Kronovi,Cameron Bills,us
5f3d8fdd95f40596eae23e12,https://octane.gg/players/3e12-kryptos,Kryptos,Özay Alp Köseoglu,de
628cda3ac437fde7e02d823a,https://octane.gg/players/823a-krysis,KRYSIS,,in
61800b46143c37878b23bc73,https://octane.gg/players/bc73-ktm,ktm,,jp
5f3d8fdd95f40596eae24560,https://octane.gg/players/4560-kuma,Kuma,Xavier Tresidder,au
5f3d8fdd95f40596eae23d97,https://octane.gg/players/3d97-kuxir97,kuxir97,Francesco Cinquemani,it
605108952629ffaa11f76dae,https://octane.gg/players/6dae-kv1,kv1,Danilo Michelini,br
620a7f4ada9d7ca1c7ba84b8,https://octane.gg/players/84b8-kylo,Kylo,,th
61ee79b5da9d7ca1c7ba5e4f,https://octane.gg/players/5e4f-kymerra,kymerra,,in
5f3d8fdd95f40596eae24571,https://octane.gg/players/4571-kyro,KyRo,Kyle Roeger,au
616da861143c37878b239d66,https://octane.gg/players/9d66-k-z,K.z,,jp
5f3d8fdd95f40596eae24143,https://octane.gg/players/4143-kerian,Kérian,Kérian Candolfi,fr
5fbda6ca16fbe0e46966adbe,https://octane.gg/players/adbe-laaggo,Laaggo,,br
5f3d8fdd95f40596eae23fbc,https://octane.gg/players/3fbc-labyrinth,Labyrinth,Osman Ali,fi
60bb4b986d9c1362119ca7fc,https://octane.gg/players/a7fc-lackstar,Lackstar,,za
6074ce3000af93009ae4f7d6,https://octane.gg/players/f7d6-lagly,LagLy,,ar
60c5cd4c490bd8649dd30ffd,https://octane.gg/players/0ffd-lahire18,Lahire18,,jp
616fe556f8090ec745288757,https://octane.gg/players/8757-langnekprof,LangNEKprof,,za
5f3d8fdd95f40596eae2420f,https://octane.gg/players/420f-lasa,Lasa.,,es
5faeaadce9ce4ed313ea2fc7,https://octane.gg/players/2fc7-laucha,laucha,Laureano Retamar,ar
5f7ca648ea8a0f0714fb9a20,https://octane.gg/players/9a20-laxin,Laxin,Ivason Tavai,nz
5f3d8fdd95f40596eae24148,https://octane.gg/players/4148-lct,LCT,Louis Christian Thamrun,id
5f3d8fdd95f40596eae24079,https://octane.gg/players/4079-le-duck,Le Duck,Maclean Rees,au
605ac3556ab41e29695bbc57,https://octane.gg/players/bc57-leakez,Leakez,Noah Obregon,us
621a2495c437fde7e02d0a9c,https://octane.gg/players/0a9c-lee,lee,,sg
5f3d8fdd95f40596eae2439c,https://octane.gg/players/439c-legend,LEGEND.,Ayman Abdullah,sa
61e54e6eda9d7ca1c7ba4e85,https://octane.gg/players/4e85-legendamaguri,LegendAmaguri,,jp
616dabf2f8090ec7452886f4,https://octane.gg/players/86f4-lemni,Lemni,,jp
5f3d8fdd95f40596eae240da,https://octane.gg/players/40da-leodkn,LeoDkn,Leonardo Alves de Jesus,br
5f3d8fdd95f40596eae240e2,https://octane.gg/players/40e2-lerky,Lerky,Lukas Vlachoulis,au
60c1e927490bd8649dd30bcb,https://octane.gg/players/0bcb-lev,LeV,,sa
5f3d8fdd95f40596eae242ca,https://octane.gg/players/42ca-leviathan,Leviathan,Jamal Price,au
5f3d8fdd95f40596eae2434d,https://octane.gg/players/434d-lexa,Lexa,,br
5f3d8fdd95f40596eae23f5a,https://octane.gg/players/3f5a-lexim,Lexim,Tomas Saporito,ar
606fa871df8625976fd8a4c6,https://octane.gg/players/a4c6-lggs,LGGS,Ahmed Al-Zahrani,sa
616fe33e143c37878b239e02,https://octane.gg/players/9e02-li0n,li0n,,za
620a7c85da9d7ca1c7ba841a,https://octane.gg/players/841a-light,Light,,dz
6169e634f8090ec745287cb0,https://octane.gg/players/7cb0-lightning,Lightning !,,kw
5f3d8fdd95f40596eae240c3,https://octane.gg/players/40c3-lionblaze,LionBlaze,Hunter Woitas,us
6162facf143c37878b238ac8,https://octane.gg/players/8ac8-lixon,Lixon,,my
5f3d8fdd95f40596eae2426a,https://octane.gg/players/426a-lj,Lj,Logan Wilt,us
61a4aa3a143c37878b23f557,https://octane.gg/players/f557-lmns,LmNs.,,za
61894c84f8090ec74528b906,https://octane.gg/players/b906-loaf,Loaf.,,au
617c1790f8090ec745289b89,https://octane.gg/players/9b89-logic,Logic,,ph
61e551d2c437fde7e02cca29,https://octane.gg/players/ca29-lorelei,Lorelei,,jp
5f3d8fdd95f40596eae24233,https://octane.gg/players/4233-lorely,Lorely,Arda Teker,tr
5fcbf75d0fed6b419c84e7f1,https://octane.gg/players/e7f1-lostt,Lostt,Gabriel Buzon,br
61daf488da9d7ca1c7ba3dd3,https://octane.gg/players/3dd3-lott,lott.,,sg
621c95e9da9d7ca1c7ba933d,https://octane.gg/players/933d-lpxtreme364,lpxtreme364,,br
61950312f8090ec74528ccee,https://octane.gg/players/ccee-lqviris,Lqviris,,jp
61e185c2da9d7ca1c7ba45d4,https://octane.gg/players/45d4-lt,LT,,ph
61801932f8090ec74528a6ba,https://octane.gg/players/a6ba-luc4sh,LUC4SH,,br
5f3d8fdd95f40596eae244d8,https://octane.gg/players/44d8-lucas06,lucas06,Lucas Agripino,br
61a4ad0df8090ec74528e16e,https://octane.gg/players/e16e-lucid,Lucid.,,za
5f3d8fdd95f40596eae24155,https://octane.gg/players/4155-luiisp,LuiisP,Luis Puente Peña,es
5f3d8fdd95f40596eae240eb,https://octane.gg/players/40eb-luk,Luk,Lucas Folly,br
5f3d8fdd95f40596eae2413f,https://octane.gg/players/413f-luke,Luke,Luccas Oyarce,us
61801536143c37878b23bdf0,https://octane.gg/players/bdf0-lukezera,lukezera,,br
6295d989da9d7ca1c7bb1598,https://octane.gg/players/1598-lukky,lukky,,ar
60b79c826434dfc705780d30,https://octane.gg/players/0d30-lulu,lulu,,au
61dc141cda9d7ca1c7ba3fa7,https://octane.gg/players/3fa7-lulz,Lulz,,au
5f3d8fdd95f40596eae241b4,https://octane.gg/players/41b4-lumberj4ck,LumberJ4Ck,,om
609c1145a07ea8dc37041006,https://octane.gg/players/1006-lunar,Lunar,Joshua Vannoy,us
616da861143c37878b239d65,https://octane.gg/players/9d65-lunatic,Lunatic,,jp
5f3d8fdd95f40596eae24504,https://octane.gg/players/4504-lunr,Lunr,Yuvraj Singh,au
61e55043c437fde7e02cc9e6,https://octane.gg/players/c9e6-lusk,Lusk,,jp
61800ef7f8090ec74528a5c0,https://octane.gg/players/a5c0-luthzhone,LuthZhone,,re
616fe556f8090ec745288755,https://octane.gg/players/8755-lux27,Lux27.,,za
61896ba2143c37878b23d12b,https://octane.gg/players/d12b-lynx,lynx,,kw
5f3d8fdd95f40596eae240d2,https://octane.gg/players/40d2-m0nkey-m00n,M0nkey M00n,Evan Rogez,fr
6162fc80f8090ec7452873c7,https://octane.gg/players/73c7-m3l0dy,M3L0DY,,th
60c1eb7c490bd8649dd30c02,https://octane.gg/players/0c02-m7md8noop,m7md8noop,,sa
5f3d8fdd95f40596eae24186,https://octane.gg/players/4186-m7sn,M7sN,Abdulmohsen Al-Khamis,sa
60bbcd9b6dcdb413cff64986,https://octane.gg/players/4986-ma2ris,ma2ris,,jp
61950263143c37878b23e164,https://octane.gg/players/e164-maakaan,maakaan,,jp
61895570f8090ec74528ba30,https://octane.gg/players/ba30-machi,Machi,,sg
5f3d8fdd95f40596eae24234,https://octane.gg/players/4234-madssssss,Madssssss.,Mads Lindholm Sørensen,dk
617318b3143c37878b23a174,https://octane.gg/players/a174-maelstrom9508,Maelstrom9508,,za
618956cbf8090ec74528ba6a,https://octane.gg/players/ba6a-maestro,Maestro,,in
6169da29143c37878b239321,https://octane.gg/players/9321-mag,Mag,Mohammed,sa
5f5ac3c9cf2177bd68e21d89,https://octane.gg/players/1d89-majicbear,majicbear,Christopher Acevedo,us
61896a91143c37878b23d0ea,https://octane.gg/players/d0ea-majid,MAJID,,sa
62712bd7c437fde7e02d54fd,https://octane.gg/players/54fd-majide-deluxe,MAJIDE-Deluxe,,jp
5f3d8fdd95f40596eae240ec,https://octane.gg/players/40ec-manteca,Manteca,Franco Damiani,ar
61864776f8090ec74528af62,https://octane.gg/players/af62-mappi,mappi,,jp
5f3d8fdd95f40596eae23f7f,https://octane.gg/players/3f7f-marc_by_8,MaRc_By_8.,Marc Domingo,es
61e54f10da9d7ca1c7ba4ea5,https://octane.gg/players/4ea5-mare,mare,,jp
616fe556f8090ec745288759,https://octane.gg/players/8759-margio95,Margio95,,za
5f3d8fdd95f40596eae2414b,https://octane.gg/players/414b-maru,Maru,Itsuki Fukuda,jp
607d7da3473f172e4c0d3a2e,https://octane.gg/players/3a2e-masa,masa,,jp
616dab72f8090ec7452886eb,https://octane.gg/players/86eb-masshu1st,masshu1st,,jp
5fcbf76f0fed6b419c84f1d0,https://octane.gg/players/f1d0-math,math,Matheus Gonçalves,br
60d4410767835678df016419,https://octane.gg/players/6419-mathz,Mathz,Mathias Bequio,uy
5f3d8fdd95f40596eae240d5,https://octane.gg/players/40d5-matix,matix,Matheus Rodrigues,br
5f3d8fdd95f40596eae24561,https://octane.gg/players/4561-matro,Matro,Mathew Barrett,au
5f3d8fdd95f40596eae24025,https://octane.gg/players/4025-matsgrey,matsgrey,Mads Graae Westergaard,dk
6266d22eda9d7ca1c7bacdd5,https://octane.gg/players/cdd5-matthew,matthew,,au
5f3d8fdd95f40596eae23f8f,https://octane.gg/players/3f8f-maxeew,Maxeew,Max Ng,ie
5f3d8fdd95f40596eae240c2,https://octane.gg/players/40c2-mectos,mectos,Jack Privitera,us
61795310f8090ec7452895be,https://octane.gg/players/95be-meesh18,meesh18,,sa
604e562901d675f81a96b270,https://octane.gg/players/b270-mel-kin,mel kin,Billy Barrington,au
627127d8da9d7ca1c7badba2,https://octane.gg/players/dba2-mel_paruru,MeL_paruru,,jp
61e551ddda9d7ca1c7ba4f24,https://octane.gg/players/4f24-melt,melt,,jp
6266dfe0da9d7ca1c7bad068,https://octane.gg/players/d068-melumii,melumii,,ph
5f3d8fdd95f40596eae23d8e,https://octane.gg/players/3d8e-memory,Memory,Michael Moss,us
61795401f8090ec7452895ff,https://octane.gg/players/95ff-mentor,Mentor.,,sa
61daef2cc437fde7e02cb80c,https://octane.gg/players/b80c-mentus,mentus,,tn
620a7d91c437fde7e02cff88,https://octane.gg/players/ff88-mesho,mesho,,sa
5f3d8fdd95f40596eae23dc6,https://octane.gg/players/3dc6-metsanauris,Metsanauris,Otto Kaipiainen,fi
6179536a143c37878b23aeab,https://octane.gg/players/aeab-mgrm,mgrm,,sa
60be102d490bd8649dd307b4,https://octane.gg/players/07b4-mido,Mido,,in
616da8d8f8090ec7452886a0,https://octane.gg/players/86a0-mido,mido,,jp
6295db73c437fde7e02d8d9f,https://octane.gg/players/8d9f-miiith,miiith,,br
5f9c7cde5246bf27936b4572,https://octane.gg/players/4572-mikan,mikan,Shun Yokota,jp
5f3d8fdd95f40596eae2407d,https://octane.gg/players/407d-mikeboy,Mikeboy,Mike Verkuijlen,nl
5f8648bfc1b0ba58c1ea22a2,https://octane.gg/players/22a2-minderia,Minderia,,au
61daf7efda9d7ca1c7ba3e79,https://octane.gg/players/3e79-mindkiller,Mindkiller,,in
5f3d8fdd95f40596eae241c7,https://octane.gg/players/41c7-mingo,Mingo,Óscar Mínguez,es
60500f2f097037e8dbbea542,https://octane.gg/players/a542-mingrx,mingrx,,br
5f99caa2786e9eb85284bf05,https://octane.gg/players/bf05-mist,mist,Nick Costello,us
5f3d8fdd95f40596eae23ef3,https://octane.gg/players/3ef3-misty,misty,Gerry Woods,au
6155c9b3f8090ec745286b57,https://octane.gg/players/6b57-mith,mith,,au
5f3d8fdd95f40596eae23f9b,https://octane.gg/players/3f9b-mittaen,Mittaen,Mitchell Driessen,nl
621c9c6eda9d7ca1c7ba93f1,https://octane.gg/players/93f1-mizuha,Mizuha,,jp
628cd69bc437fde7e02d8127,https://octane.gg/players/8127-mizzen,Mizzen,,in
620a804bda9d7ca1c7ba84e5,https://octane.gg/players/84e5-mkay,MKAY,,my
61f91289da9d7ca1c7ba7529,https://octane.gg/players/7529-mkblack_41,MKblack_41,,jp
627b9856c437fde7e02d6413,https://octane.gg/players/6413-mns,MnS.,,sa
61e54cfcda9d7ca1c7ba4e51,https://octane.gg/players/4e51-mo2ka7,mo2ka7,,jp
6154273f143c37878b2380a7,https://octane.gg/players/80a7-moayad,moayad,,sa
5f8648d9c1b0ba58c1ea2306,https://octane.gg/players/2306-mock,mock,Bailey Bedford,au
62712fecc437fde7e02d552e,https://octane.gg/players/552e-modezy,Modezy,,za
627b9856c437fde7e02d6414,https://octane.gg/players/6414-mohammed,Mohammed.,,sa
61896ba2143c37878b23d12e,https://octane.gg/players/d12e-mohanned,Mohanned,,sa
61800fd0f8090ec74528a5f6,https://octane.gg/players/a5f6-monarchmustang,MonarchMustang,,za
5f3d8fdd95f40596eae2429b,https://octane.gg/players/429b-money,money,Johnny Cambunga,us
5f3d8fdd95f40596eae24364,https://octane.gg/players/4364-monster442,Monster442,Deshane Williams,us
6283b058c437fde7e02d6b27,https://octane.gg/players/6b27-mordrogx,MordrogX,,in
62712998da9d7ca1c7badc17,https://octane.gg/players/dc17-morider,Morider,,jp
62701cecc437fde7e02d53d3,https://octane.gg/players/53d3-morph,morph,,br
5f3d8fdd95f40596eae24278,https://octane.gg/players/4278-morse,Morse,Connor Sullivan,au
619503c1143c37878b23e19e,https://octane.gg/players/e19e-mosi,mosi,,jp
5f3d8fdd95f40596eae24551,https://octane.gg/players/4551-moss,Moss,,nz
616fe33e143c37878b239e03,https://octane.gg/players/9e03-mr-low,Mr.Low,,za
61801153f8090ec74528a64a,https://octane.gg/players/a64a-mrwacky,MrWacky,,za
5f3d8fdd95f40596eae24386,https://octane.gg/players/4386-msh,Msh,Mshary Abdulaziz,sa
61ed2a35c437fde7e02cd68f,https://octane.gg/players/d68f-mu3,Mu3,,sa
61801185143c37878b23bd9d,https://octane.gg/players/bd9d-musicmad1278,musicmad1278,,za
6169e011f8090ec745287c51,https://octane.gg/players/7c51-mysterious,MySTeriOuS.,,sa
60c1e927490bd8649dd30bcd,https://octane.gg/players/0bcd-mzxy,mzxy.,Yussef Al-Dabbagh,sa
60bbd0576dcdb413cff64a0a,https://octane.gg/players/4a0a-n4sh,n4sh,,jp
5f3d8fdd95f40596eae23e2b,https://octane.gg/players/3e2b-nachitow,Nachitow,Nacho Gimenez,es
5f3d8fdd95f40596eae24391,https://octane.gg/players/4391-nadr,nadr,,sa
5f3d8fdd95f40596eae2439a,https://octane.gg/players/439a-naizak,Naizak,Yousif L.,sa
616da7d6f8090ec745288688,https://octane.gg/players/8688-naoinko,Naoinko,,jp
616da782f8090ec745288679,https://octane.gg/players/8679-naoki,NaoKi,,jp
61780013143c37878b23acab,https://octane.gg/players/acab-naspire,Naspire,,au
6179536a143c37878b23aead,https://octane.gg/players/aead-nasser,Nasser,,sa
5fbda6d716fbe0e46966afec,https://octane.gg/players/afec-navarro,Navarro,,uy
620a7d91c437fde7e02cff89,https://octane.gg/players/ff89-nawaf,Nawaf.,,sa
6169e1f0f8090ec745287c7d,https://octane.gg/players/7c7d-nawaf90,Nawaf90,Nawaf Albediri,sa
61e566f6c437fde7e02ccb9e,https://octane.gg/players/cb9e-nayr,Nayr,,re
620a847dda9d7ca1c7ba859b,https://octane.gg/players/859b-nearmiss-ph,Nearmiss PH,,ph
60c85f3967835678df0154bd,https://octane.gg/players/54bd-necro,Necro,,in
61896c61f8090ec74528bc17,https://octane.gg/players/bc17-negan,Negan,,sa
5f3d8fdd95f40596eae2455b,https://octane.gg/players/455b-negative,Negative,Nemr R,eg
620a83ffda9d7ca1c7ba8582,https://octane.gg/players/8582-nekimo,Nekimo,,in
5f3d8fdd95f40596eae23ef4,https://octane.gg/players/3ef4-nemoto,Nemoto,Nemoto Putti,jp
61800faa143c37878b23bd13,https://octane.gg/players/bd13-neroxk92,NeroxK92,,re
5f3d8fdd95f40596eae2456d,https://octane.gg/players/456d-net,Net,Jack,nz
616d8d62f8090ec74528834f,https://octane.gg/players/834f-netao,netao,,br
620a7f97da9d7ca1c7ba84cf,https://octane.gg/players/84cf-never,never,,th
6266de0ada9d7ca1c7bad010,https://octane.gg/players/d010-nevergiveuppernocap,nevergiveuppernocap,,in
5f3d8fdd95f40596eae24080,https://octane.gg/players/4080-nex,nex.,Henri Krüger,de
5fb5ce2c08615f1e71dbe740,https://octane.gg/players/e740-nexuhty,nexuhty,Zach McClintock,us
61730e9b143c37878b23a0b9,https://octane.gg/players/a0b9-nez,Nez,,jp
5f77ad09a0cb87e0663bc1c0,https://octane.gg/players/c1c0-nfloopy,NFloopy,,sa
6074ce5500af93009ae4f83f,https://octane.gg/players/f83f-nibra,nibra,Brandon Ouellet,ca
607d7dac473f172e4c0d3e74,https://octane.gg/players/3e74-nick,Nick,,jp
61daf2a6da9d7ca1c7ba3d90,https://octane.gg/players/3d90-nicole,Nicole,,my
602b2f66a34823c27b1810d9,https://octane.gg/players/10d9-night,night.,Eli Price,us
6169e189f8090ec745287c6e,https://octane.gg/players/7c6e-night,Night.,,kw
619e61cb143c37878b23f059,https://octane.gg/players/f059-night_raider554,night_raider554,,za
627b92f1c437fde7e02d6334,https://octane.gg/players/6334-nightwing,nightwing,,id
607d7e10473f172e4c0d4ffc,https://octane.gg/players/4ffc-nikko,nikko,,ar
5f3d8fdd95f40596eae2421d,https://octane.gg/players/421d-niklas,Niklas,,si
60bbce028029840609c3b440,https://octane.gg/players/b440-niko,NiKo,,jp
60bbcd9b6dcdb413cff64988,https://octane.gg/players/4988-niko2kanta,niko2kanta,,jp
5f3d8fdd95f40596eae2427f,https://octane.gg/players/427f-ninja23509,Ninja23509,Gabriel Lemes,br
616daaf8143c37878b239dcc,https://octane.gg/players/9dcc-nipo,nipo,,jp
5fe3cbaf02e3d7a040c635f1,https://octane.gg/players/35f1-nite,Nite,,au
5f5ae9d3c6cbf591c568a965,https://octane.gg/players/a965-nitrous,Nitrous,Zander Shah,us
61794c34f8090ec7452894a2,https://octane.gg/players/94a2-niukuho,Niukuho,,sg
5fa0cee16b86d89d524afa0e,https://octane.gg/players/fa0e-noahsaki,Noahsaki,Noah Gillespie,en
61800a0b143c37878b23bc47,https://octane.gg/players/bc47-nogurin,Nogurin,,jp
621c9cf6c437fde7e02d0de5,https://octane.gg/players/0de5-nokoko,nokoko,,jp
6284d6ccc437fde7e02d6e7c,https://octane.gg/players/6e7c-nolaneco,Nolaneco,,jp
5f3d8fdd95f40596eae240d3,https://octane.gg/players/40d3-noly,noly,Joseph Kidd,en
5f3d8fdd95f40596eae244e0,https://octane.gg/players/44e0-nomansion,NoMansion,Samuel Good,us
620a7f4ada9d7ca1c7ba84b7,https://octane.gg/players/84b7-nomi,nomi,,sg
616fe4b8143c37878b239e25,https://octane.gg/players/9e25-nooitboet,NooitBoet,,za
61ee7a38da9d7ca1c7ba5e66,https://octane.gg/players/5e66-notsolaggy,NotSoLaggy,,id
5f3d8fdd95f40596eae23fd2,https://octane.gg/players/3fd2-noxes,Noxes,Aaron Cadiz,pr
627a3c33c437fde7e02d5e94,https://octane.gg/players/5e94-noxya,Noxya,,re
61e56630da9d7ca1c7ba5008,https://octane.gg/players/5008-nuaj,nuaj.,,re
621c9cf6c437fde7e02d0de6,https://octane.gg/players/0de6-nuco,Nuco,,jp
629b206ada9d7ca1c7bb1c21,https://octane.gg/players/1c21-nuke,Nuke,,za
620a7c65c437fde7e02cff41,https://octane.gg/players/ff41-nwpo,Nwpo,,sa
5f3d8fdd95f40596eae2433c,https://octane.gg/players/433c-nxghtt,nxghtt,Olímpio Torres,br
61ed29a5c437fde7e02cd655,https://octane.gg/players/d655-nym,Nym,,sa
620a8160c437fde7e02cfff4,https://octane.gg/players/fff4-nzee,Nzee,,my
5f3d8fdd95f40596eae24224,https://octane.gg/players/4224-oaly,oaly.,Ole van Doorn,nl
5fdd040aaf4622aaaa8dfbf0,https://octane.gg/players/fbf0-oath,oath,Arlin Burns,us
61e55e72da9d7ca1c7ba4faa,https://octane.gg/players/4faa-obtth,obtth,,br
621c9f9ada9d7ca1c7ba94db,https://octane.gg/players/94db-obu_c,obu_c,,jp
61ed29a5c437fde7e02cd656,https://octane.gg/players/d656-oe_f9,oe_f9,,sa
61f915dfda9d7ca1c7ba7560,https://octane.gg/players/7560-offset,Offset,,za
5f3d8fdd95f40596eae23f95,https://octane.gg/players/3f95-okhalid,oKhaliD,Khalid Qasim,sa
5f3d8fdd95f40596eae2414c,https://octane.gg/players/414c-olpix,OLPiX,Kenyo Ito,jp
61731698143c37878b23a134,https://octane.gg/players/a134-olympic,Olympic.,,za
60c5ca0f9fc1a47e5f111aad,https://octane.gg/players/1aad-onabe-no-huta,Onabe no Huta,,jp
6266dd89c437fde7e02d4945,https://octane.gg/players/4945-oneeyed-assassin,OneEyed Assassin,,in
60bbcd9b6dcdb413cff64985,https://octane.gg/players/4985-onrush,ONRUSH,,jp
6163206ef8090ec74528745f,https://octane.gg/players/745f-onyx,Onyx,,jo
61e54fd6c437fde7e02cc9d0,https://octane.gg/players/c9d0-orange,orange.,,jp
6266de0ada9d7ca1c7bad011,https://octane.gg/players/d011-orjanguse,orjanguse.,,in
61ed28c5da9d7ca1c7ba5b2d,https://octane.gg/players/5b2d-os2ma,OS2MA,,sa
5f3d8fdd95f40596eae23e7f,https://octane.gg/players/3e7f-oscillon,Oscillon,Maarten van Zee,nl
61ee818eda9d7ca1c7ba5f95,https://octane.gg/players/5f95-osiris,Osiris,,en
5f3d8fdd95f40596eae2444d,https://octane.gg/players/444d-oski,Oski,Oskar Gozdowski,pl
61794dadf8090ec7452894f4,https://octane.gg/players/94f4-osum,osum,,in
5f3d8fdd95f40596eae241ac,https://octane.gg/players/41ac-ovampiierz,oVaMPiiERz,Abdullah Al-Ruwaili,sa
5f5ae87bc6cbf591c568a57b,https://octane.gg/players/a57b-paarth,Paarth,Will Crews,us
5f99d08c786e9eb85284da70,https://octane.gg/players/da70-pabl0,Pabl0,,fr
604e566801d675f81a96cb33,https://octane.gg/players/cb33-pagsi,Pagsi,,au
5f3d8fdd95f40596eae240dd,https://octane.gg/players/40dd-pan,pan.,Sebastián Parra,cl
6172b048f8090ec745288901,https://octane.gg/players/8901-panda,PANDA,,jp
5f3d8fdd95f40596eae24346,https://octane.gg/players/4346-panic,Panic,,br
6162fbe5f8090ec7452873b0,https://octane.gg/players/73b0-panjut,panjut,,my
5faea989e9ce4ed313e9d048,https://octane.gg/players/d048-panzer,Panzer,James La Fontaine,au
61794dfd143c37878b23ae0d,https://octane.gg/players/ae0d-paolotiu,paolotiu,,ph
5f3d8fdd95f40596eae24554,https://octane.gg/players/4554-paradise,Paradise,,au
5f3d8fdd95f40596eae243a6,https://octane.gg/players/43a6-parka,parka,Jovan Richet,fr
5f3d8fdd95f40596eae24335,https://octane.gg/players/4335-pedrinho,Pedrinho,Pedro Henrique,br
5f3d8fdd95f40596eae23e18,https://octane.gg/players/3e18-peep,Peep,,us
6295d989da9d7ca1c7bb1596,https://octane.gg/players/1596-peexto,peexto,,uy
627b8a24da9d7ca1c7baea43,https://octane.gg/players/ea43-pengoli,Pengoli,,au
6162fb4f143c37878b238ad7,https://octane.gg/players/8ad7-penju,Penju,,in
5f3d8fdd95f40596eae2413c,https://octane.gg/players/413c-percy,percy.,Oliver Kenneth Ortiz,us
5f3d8fdd95f40596eae24249,https://octane.gg/players/4249-peseta,peseta,,jp
61e55251c437fde7e02cca42,https://octane.gg/players/ca42-php,php,,jp
60c5cb379fc1a47e5f111abe,https://octane.gg/players/1abe-pikanya,pikanya,,jp
61f90debda9d7ca1c7ba740a,https://octane.gg/players/740a-piroro,piroro,,jp
6266e04bc437fde7e02d49ca,https://octane.gg/players/49ca-pizzaa,PIZZAA,,
5f3d8fdd95f40596eae23f50,https://octane.gg/players/3f50-pj,PJ,Diogo Sanches Ferme,br
5f3d8fdd95f40596eae2437e,https://octane.gg/players/437e-plasma,PLASMA,,jp
61800ef7f8090ec74528a5c1,https://octane.gg/players/a5c1-plisfos,Plisfos,,re
61ebd950da9d7ca1c7ba5776,https://octane.gg/players/5776-pnda,pnda.,,re
5f3d8fdd95f40596eae23fb8,https://octane.gg/players/3fb8-polar,Polar,Dan Rees,en
619e616e143c37878b23f031,https://octane.gg/players/f031-pole-emploi-974,Pole Emploi 974,,re
5f3d8fdd95f40596eae24574,https://octane.gg/players/4574-pollo,Pollo,Noe C.,us
5f3d8fdd95f40596eae2414f,https://octane.gg/players/414f-poofy,Poofy,Benjamin Yeow,sg
616da861143c37878b239d64,https://octane.gg/players/9d64-popo,popo,,jp
62712a6bc437fde7e02d54ae,https://octane.gg/players/54ae-poppy,poppy,,jp
61731b9b143c37878b23a1d1,https://octane.gg/players/a1d1-porra07,PoRRa07,,na
616fe3b1f8090ec745288726,https://octane.gg/players/8726-potatowithagun,PotatoWithaGun,,za
6172b0bf143c37878b239f8a,https://octane.gg/players/9f8a-potechi,potechi,,jp
620a83ffda9d7ca1c7ba8581,https://octane.gg/players/8581-priyaank,PriyaanK.,,in
6189648ef8090ec74528bb19,https://octane.gg/players/bb19-prof,PROF,,in
5f3d8fdd95f40596eae2447e,https://octane.gg/players/447e-pryyme,pryyme,Pierre Binet,fr
5f3d8fdd95f40596eae24544,https://octane.gg/players/4544-pulga,Pulga,Santiago Acosta,ar
616fe33e143c37878b239e01,https://octane.gg/players/9e01-pwnflakes,PwnFlakes,,za
61daee81c437fde7e02cb7e7,https://octane.gg/players/b7e7-qna9r,qNa9r,,sa
61daf1c6da9d7ca1c7ba3d5a,https://octane.gg/players/3d5a-quboyd,QuBoyd,,my
6266defac437fde7e02d498e,https://octane.gg/players/498e-qur_k,qur_k,,sg
628cd69bc437fde7e02d8128,https://octane.gg/players/8128-ra-aten,Ra Aten,,in
61f90debda9d7ca1c7ba7409,https://octane.gg/players/7409-raahii,raahii,,jp
5f3d8fdd95f40596eae240cc,https://octane.gg/players/40cc-radoko,radoko.,Josh Ruiz Radtke,ca
5f3d8fdd95f40596eae241d5,https://octane.gg/players/41d5-radosin,Radosin,Andrea Radovanović,fr
60706a51b50e1153fdcaec34,https://octane.gg/players/ec34-rafdoang13,Rafdoang13,Rafi Saputra,id
61896953f8090ec74528bb74,https://octane.gg/players/bb74-ragnar,Ragnar,,sa
61e55043c437fde7e02cc9e8,https://octane.gg/players/c9e8-rain_to_apple,rain_to_apple,,jp
60c46a74490bd8649dd30e79,https://octane.gg/players/0e79-ram,Ram,,za
618960d2143c37878b23d00d,https://octane.gg/players/d00d-ran,ran,,id
61daf533da9d7ca1c7ba3e01,https://octane.gg/players/3e01-random-quack,Random Quack,,in
5f3d8fdd95f40596eae23e9e,https://octane.gg/players/3e9e-rapid,rapid,Jalen Parker,us
61daf1c6da9d7ca1c7ba3d5b,https://octane.gg/players/3d5b-rappy,Rappy,,in
61e55251c437fde7e02cca43,https://octane.gg/players/ca43-rarumo,rarumo,,jp
61f914f2c437fde7e02cf01d,https://octane.gg/players/f01d-rascel,Rascel,,za
616d8dd0f8090ec745288366,https://octane.gg/players/8366-rayio,rayio.,,cl
627b8ba6da9d7ca1c7baeab5,https://octane.gg/players/eab5-rayy14,Rayy14,,au
5f3d8fdd95f40596eae23ef5,https://octane.gg/players/3ef5-realize,ReaLize,Shogo Ikeyama,jp
62712944da9d7ca1c7badbf8,https://octane.gg/players/dbf8-reg,Reg,,jp
61794c70143c37878b23adc3,https://octane.gg/players/adc3-regime,Regime,Marcus Ang-Angco,ph
5f3d8fdd95f40596eae244b8,https://octane.gg/players/44b8-rehzzy,rehzzy,Kieran Hogan,en
5f3d8fdd95f40596eae23f97,https://octane.gg/players/3f97-relatingwave,RelatingWave,Lucas Rose,en
5f3d8fdd95f40596eae24570,https://octane.gg/players/4570-remik,RemiK,Luka Jeremic,nz
616da782f8090ec745288678,https://octane.gg/players/8678-remoter,Remoter,,jp
5f3d8fdd95f40596eae23f51,https://octane.gg/players/3f51-renan,renaN,Renan Rossi de Oliveira,br
61801489143c37878b23bdb7,https://octane.gg/players/bdb7-renanx,renanX,Renan Funtowicz,br
5f3d8fdd95f40596eae23f56,https://octane.gg/players/3f56-repi,repi,Felipe Pereira Chaves,br
5f3d8fdd95f40596eae23e49,https://octane.gg/players/3e49-requiem,Requiem,William 'Billy' Hutchinson,au
607d7d84473f172e4c0d348c,https://octane.gg/players/348c-res,res,Keanu Adrian,id
5f663e7728947d10dd334263,https://octane.gg/players/4263-retals,retals,Slater Thomas,us
607d7dd1473f172e4c0d44a0,https://octane.gg/players/44a0-retra,Retra,,jp
618955cbf8090ec74528ba46,https://octane.gg/players/ba46-rev,ReV.,,bd
61794d4c143c37878b23adf0,https://octane.gg/players/adf0-revise,Revise,,in
620a83ffda9d7ca1c7ba8583,https://octane.gg/players/8583-rexem,Rexem.,,in
5f3d8fdd95f40596eae24097,https://octane.gg/players/4097-rexo,Rexo,Nicklas Brix,dk
5f3d8fdd95f40596eae24357,https://octane.gg/players/4357-rey,rey,Rei Izawa,jp
5f3d8fdd95f40596eae240e8,https://octane.gg/players/40e8-reysbull,Reysbull,Victor Duran Parra,cl
5f3d8fdd95f40596eae23e0c,https://octane.gg/players/3e0c-rezears,Rezears,David Wuensch,de
61f90f64da9d7ca1c7ba746f,https://octane.gg/players/746f-rezi,rezi,,jp
61daf423da9d7ca1c7ba3dbb,https://octane.gg/players/3dbb-rezwy,Rezwy,Muhammad Yusuf Harithah,my
61794f1f143c37878b23ae47,https://octane.gg/players/ae47-rhenium,Rhenium,,in
61e5675dc437fde7e02ccbad,https://octane.gg/players/cbad-rhinofury,RhinoFury.,,za
620a804bda9d7ca1c7ba84e6,https://octane.gg/players/84e6-rhythmia,Rhythmia,,sg
616fe3b1f8090ec745288727,https://octane.gg/players/8727-richardh-04,RichardH 04,,za
5f3d8fdd95f40596eae24149,https://octane.gg/players/4149-ridz,Ridz,,id
61daed76c437fde7e02cb7ca,https://octane.gg/players/b7ca-riezx,Riezx,,sa
61800945143c37878b23bc20,https://octane.gg/players/bc20-rikocha,Rikocha,,jp
6064e22e3036cdb09d774566,https://octane.gg/players/4566-ripoopi,ripoopi,Dika Utama,id
627131c1c437fde7e02d5570,https://octane.gg/players/5570-riscay_rheeno,Riscay_Rheeno,,za
5f3d8fdd95f40596eae23f9e,https://octane.gg/players/3f9e-rise,rise.,Finlay Ferguson,en
60bb4bfa6d9c1362119ca80f,https://octane.gg/players/a80f-riseneclipse,RisenEclipse,,za
5f3d8fdd95f40596eae23de1,https://octane.gg/players/3de1-rix_ronday,Rix_Ronday,Rix Ronday,nl
60c1e927490bd8649dd30bcc,https://octane.gg/players/0bcc-rixy,Rixy,,sa
5f3d8fdd95f40596eae23fa4,https://octane.gg/players/3fa4-rizex45,Rizex45,Riccardo Mazzotta,de
61896953f8090ec74528bb72,https://octane.gg/players/bb72-rlomar,RLomar,,sa
60597e85426b95b9dd517d74,https://octane.gg/players/7d74-rmnn,Rmnn,,ar
61e54cfcda9d7ca1c7ba4e53,https://octane.gg/players/4e53-robit9,ROBIT9,,jp
5f3d8fdd95f40596eae24414,https://octane.gg/players/4414-roblah,Roblah,Matias Rocha,cl
616fe371143c37878b239e0d,https://octane.gg/players/9e0d-rocky,Rocky,,za
61ee804cc437fde7e02cdb29,https://octane.gg/players/db29-rocs,Rocs,,au
5f3d8fdd95f40596eae23f7c,https://octane.gg/players/3f7c-roll-dizz,Roll Dizz,Raul Diaz,us
5f3d8fdd95f40596eae23ed8,https://octane.gg/players/3ed8-ronaky,Ronaky,Aldin Hodzic,dk
605aca9053a71a78eacbc276,https://octane.gg/players/c276-roods,roods,,br
5f3d8fdd95f40596eae23f1d,https://octane.gg/players/3f1d-rothie,Rothie,Zachary Rothleitner,au
5f5ae860c6cbf591c568a506,https://octane.gg/players/a506-rotor,RoToR,,au
61731f04143c37878b23a25a,https://octane.gg/players/a25a-rowen,Rowen,,za
5fdc3421af4622aaaa8d4b18,https://octane.gg/players/4b18-roxrz,Roxrz,Osvaldo Perez,us
616947f1143c37878b239129,https://octane.gg/players/9129-roy,Roy,,in
5f3d8fdd95f40596eae2434b,https://octane.gg/players/434b-royales,Royales,Matheus Rodrigues,br
6172b48f143c37878b23a041,https://octane.gg/players/a041-rqxsia,Rqxsia,,jp
61950560143c37878b23e1ca,https://octane.gg/players/e1ca-rqz3ery,Rqz3ery,,jp
61e54fd6c437fde7e02cc9ce,https://octane.gg/players/c9ce-rry7z,rRy7z-,,jp
607d7c77473f172e4c0cf60e,https://octane.gg/players/f60e-rushil_y,Rushil_Y,,in
61e551d2c437fde7e02cca2a,https://octane.gg/players/ca2a-russ,Russ,,jp
61632145143c37878b238b57,https://octane.gg/players/8b57-rustycolt,rustycolt,,eg
6266d9cdda9d7ca1c7bacf35,https://octane.gg/players/cf35-rwt,RwT,,sa
5f3d8fdd95f40596eae241f6,https://octane.gg/players/41f6-rxii,Rxii,Raimon Falgueras,es
60500f42097037e8dbbea67e,https://octane.gg/players/a67e-rxiz,Rxiz,,br
6189648ef8090ec74528bb18,https://octane.gg/players/bb18-ryuga,ryuga.,,in
61895570f8090ec74528ba2f,https://octane.gg/players/ba2f-ryzen1738,Ryzen1738,,sg
607d7da3473f172e4c0d3a2f,https://octane.gg/players/3a2f-ryzow,Ryzow,,jp
61daf24fda9d7ca1c7ba3d87,https://octane.gg/players/3d87-saber,Saber,,gb
5f3d8fdd95f40596eae2433d,https://octane.gg/players/433d-sad,Sad,Roberto Lima de Souza,br
620a7c85da9d7ca1c7ba841b,https://octane.gg/players/841b-saikym,SaikyM,,dz
61800ef7f8090ec74528a5c2,https://octane.gg/players/a5c2-saino,Saino,,re
5fbda6c516fbe0e46966ac99,https://octane.gg/players/ac99-sairex,saireX,,br
5f3d8fdd95f40596eae2401e,https://octane.gg/players/401e-saizen,saizen,Thiméo Corcuff,fr
61f90c56c437fde7e02ceeb4,https://octane.gg/players/eeb4-sakusaku,sakusaku,,jp
605ac1ec6ab41e29695bbadb,https://octane.gg/players/badb-salidow,salidow,Luke Harvey,us
5f5ae85cc6cbf591c568a4f0,https://octane.gg/players/a4f0-samuel,Samuel,Samuel Perez,au
620a847dda9d7ca1c7ba859a,https://octane.gg/players/859a-sanjuromudkipz,SanjuroMudkipz,,ph
61daf488da9d7ca1c7ba3dd2,https://octane.gg/players/3dd2-sanyo,sanyo.,,my
61e566bada9d7ca1c7ba502e,https://octane.gg/players/502e-sauce,Sauce,,za
61daf24fda9d7ca1c7ba3d86,https://octane.gg/players/3d86-savage,Savage_,,dk
5f3d8fdd95f40596eae23db6,https://octane.gg/players/3db6-savvyseal,SavvySeal,Andy Adkins,us
607d7d9b473f172e4c0d3a09,https://octane.gg/players/3a09-saya,saya,,us
5f3d8fdd95f40596eae240e3,https://octane.gg/players/40e3-scarth,Scarth,Dean Bagrie,nz
60c46a3a9fc1a47e5f111999,https://octane.gg/players/1999-schalkg,SchalkG,,za
627b86d5da9d7ca1c7bae9bd,https://octane.gg/players/e9bd-schmory,schmory,,au
6169e722143c37878b2393bd,https://octane.gg/players/93bd-scob,ScoB,,kw
61daed15da9d7ca1c7ba3ca8,https://octane.gg/players/3ca8-scoot,ScooT,,sa
60be102d490bd8649dd307b6,https://octane.gg/players/07b6-scorcher,Scorcher,,in
5f3d8fdd95f40596eae24500,https://octane.gg/players/4500-scout,Scout,James McGregor,au
5f7ca648ea8a0f0714fb9a22,https://octane.gg/players/9a22-scrub,Scrub,Ethan Klumpp,au
5f3d8fdd95f40596eae23eb5,https://octane.gg/players/3eb5-scrub-killa,Scrub Killa,Kyle Robertson,ab
5f9c7cf95246bf27936b4aa8,https://octane.gg/players/4aa8-scruffy,Scruffy,,au
5f3d8fdd95f40596eae23d92,https://octane.gg/players/3d92-sea-bass,Sea-Bass,Sebastian Becerra,us
61daf423da9d7ca1c7ba3dbc,https://octane.gg/players/3dbc-seadog,SeaDog,,id
6162facf143c37878b238ac7,https://octane.gg/players/8ac7-seb_1143,seb_1143,,kh
601a30c6d35e6ea972756329,https://octane.gg/players/6329-seck,Seck,Santino Ulla,ar
5f3d8fdd95f40596eae2403f,https://octane.gg/players/403f-seeb,Seeb,Sebastian Ferrada Falch,no
5fd40fc10e831f1d52bd96a5,https://octane.gg/players/96a5-seikoo,Seikoo,Enzo Grondein,fr
6007476925dd47da00eef775,https://octane.gg/players/f775-sen-horo,Sen Horo,,au
5f3d8fdd95f40596eae23e51,https://octane.gg/players/3e51-seniaz,Seniaz,Joshua Saines,au
5f3d8fdd95f40596eae23f8d,https://octane.gg/players/3f8d-senzo,Senzo,Ahmed Ayed,sa
619e6277f8090ec74528dbfc,https://octane.gg/players/dbfc-septer,Septer,,za
61e56839da9d7ca1c7ba5071,https://octane.gg/players/5071-serenity,Serenity,,za
6064e1413036cdb09d7744f3,https://octane.gg/players/44f3-serpent,Serpent,,jp
61e54e0bc437fde7e02cc98b,https://octane.gg/players/c98b-sh0cksie,sh0cksie,,mn
5f3d8fdd95f40596eae240ea,https://octane.gg/players/40ea-shad,Shad,Facundo Vallerino,ar
5f3d8fdd95f40596eae23ee9,https://octane.gg/players/3ee9-shaolon,Shaolon,Takuma Kawajiri,jp
61794b5f143c37878b23ad8f,https://octane.gg/players/ad8f-sharmajikabeta,SharmaJiKaBeta,,in
60c077a3490bd8649dd308f0,https://octane.gg/players/08f0-shila,Shila,Jonas Cekrezi,de
627127d8da9d7ca1c7badba3,https://octane.gg/players/dba3-shiori,Shiori,,jp
61e55043c437fde7e02cc9e7,https://octane.gg/players/c9e7-shirokuma,ShiroKuMa,,jp
605c1b65c1b8f0484d8560ce,https://octane.gg/players/60ce-shmacked,shmacked,Noah West,us
5f3d8fdd95f40596eae2455c,https://octane.gg/players/455c-shmoopernator,Shmoopernator,Kristian D,au
5f3d8fdd95f40596eae23f77,https://octane.gg/players/3f77-shock,Shock,Nathan Frommelt,us
5f3d8fdd95f40596eae242c7,https://octane.gg/players/42c7-shoe,Shoe,Luke Davis,au
5f8648d8c1b0ba58c1ea22fe,https://octane.gg/players/22fe-shorez,Shorez,Tai Kibble,au
61a4a8eaf8090ec74528e063,https://octane.gg/players/e063-shotzyy,shotzyy,,za
621c9e39da9d7ca1c7ba947f,https://octane.gg/players/947f-shu,shu,,jp
61800b46143c37878b23bc72,https://octane.gg/players/bc72-shuka,shuka,,jp
616fe556f8090ec745288758,https://octane.gg/players/8758-shyon,shyon,,za
5f5ae873c6cbf591c568a54d,https://octane.gg/players/a54d-siat,SiAT,,sa
61800f62143c37878b23bd09,https://octane.gg/players/bd09-sickii,Sickii,,za
616daa42f8090ec7452886cf,https://octane.gg/players/86cf-sigms,sigms,Isaac Cooper,us
5f3d8fdd95f40596eae23e45,https://octane.gg/players/3e45-siki,Siki,Christopher Magee,au
5f9c3785644531b1fd5923f9,https://octane.gg/players/23f9-simas,simas,Simas Gurskis,lt
60bbd0ba6dcdb413cff64a15,https://octane.gg/players/4a15-sk,sk,,jp
61731962f8090ec745288a9a,https://octane.gg/players/8a9a-skillsteal,SkillSteal,Niel-Robèrt Burger,za
5f3d8fdd95f40596eae240b1,https://octane.gg/players/40b1-skillz,Skillz.,Shawn Young,us
60be0f77490bd8649dd30795,https://octane.gg/players/0795-skr,SKR,,in
61e56690da9d7ca1c7ba501f,https://octane.gg/players/501f-skygetsu,SkyGetsu,,re
60bbce346dcdb413cff649aa,https://octane.gg/players/49aa-slct,slct,,jp
5f3d8fdd95f40596eae24153,https://octane.gg/players/4153-sleweyy,SleWeyy,Dylan Comtesse,fr
5f77ad09a0cb87e0663bc1c1,https://octane.gg/players/c1c1-slk,SLK,,sa
6266defac437fde7e02d498d,https://octane.gg/players/498d-slow9611,slow9611,,sg
61ee79b5da9d7ca1c7ba5e50,https://octane.gg/players/5e50-slumdogg,SLumDOgg,,in
5faea58a30a1de285907428d,https://octane.gg/players/428d-smash,Smash,Kiyan Ruddel,au
5f3d8fdd95f40596eae24387,https://octane.gg/players/4387-smw,Smw.,Osama Al-Humaidan,sa
5f3d8fdd95f40596eae24297,https://octane.gg/players/4297-snaz,snaz,Ryan Gauna,us
5f3d8fdd95f40596eae23f5e,https://octane.gg/players/3f5e-snipjz,snipjz,André Mendonça,br
5f3d8fdd95f40596eae242c1,https://octane.gg/players/42c1-snowy,Snowy,Jack Parrotta,au
60bb4abf6d9c1362119ca7d4,https://octane.gg/players/a7d4-snowyy,Snowyy,Gareth Spiers,za
600a354a3079570c02766eb7,https://octane.gg/players/6eb7-sobral,Sobral,Murilo Sobral,br
5f3d8fdd95f40596eae2423e,https://octane.gg/players/423e-sola,sola,,jp
621ca5eac437fde7e02d0fd6,https://octane.gg/players/0fd6-solitude,Solitude,,za
5f5ae854c6cbf591c568a4ce,https://octane.gg/players/a4ce-sonic,Sonic,Dylan R,au
6284dee9c437fde7e02d7034,https://octane.gg/players/7034-sonic-_1397,SONIC-_1397,,za
61801185143c37878b23bd9c,https://octane.gg/players/bd9c-sonnar92,Sonnar92,,za
6266d9cdda9d7ca1c7bacf34,https://octane.gg/players/cf34-sonr,SoNr.,,sa
5f3d8fdd95f40596eae240cf,https://octane.gg/players/40cf-sosa,sosa,Gianluca Petrozza,ca
628ccdaada9d7ca1c7bb0845,https://octane.gg/players/0845-soulja,Soulja,,au
5f3d8fdd95f40596eae24555,https://octane.gg/players/4555-sour,Sour,Sam Pennington,au
600a31efae441ae3e6008347,https://octane.gg/players/8347-sparrow,Sparrow,,au
5f5ae854c6cbf591c568a4cd,https://octane.gg/players/a4cd-spcterrr,Spcterrr,Spencer Heaton,au
6266dd89c437fde7e02d4943,https://octane.gg/players/4943-spdfghi,spdfghi,,in
5f3d8fdd95f40596eae23dec,https://octane.gg/players/3dec-speed,Speed,Jack Packwood-Clarke,en
607d7e5b473f172e4c0d64af,https://octane.gg/players/64af-speedhack,speedhack,,br
5f3d8fdd95f40596eae24141,https://octane.gg/players/4141-splashy,Splashy,,us
5f3d8fdd95f40596eae24279,https://octane.gg/players/4279-spratt,Spratt,Jack Woodacre,nz
5f3d8fdd95f40596eae2426b,https://octane.gg/players/426b-spyder,Spyder,Dylan Jerome,us
5f3d8fdd95f40596eae2407b,https://octane.gg/players/407b-spydoge,SPYDOGE,Blake Evans,au
616320b0f8090ec745287470,https://octane.gg/players/7470-sqqp,SQQP,,sa
5f3d8fdd95f40596eae242aa,https://octane.gg/players/42aa-squigly,Squigly,Muhammad Afiq,sg
5f3d8fdd95f40596eae23f18,https://octane.gg/players/3f18-squirrel,Squirrel,Jordy Loing,id
5f3d8fdd95f40596eae23d95,https://octane.gg/players/3d95-squishy,Squishy,Mariano Arruda,ca
5f8910cc4f0e8d24ca7ef454,https://octane.gg/players/f454-sqy,Sqy,Khalid Alsaadi,sa
5f3d8fdd95f40596eae24419,https://octane.gg/players/4419-srnaniitou,SrNaniiTou,Federico Morteyru,ar
5f3d8fdd95f40596eae23e4f,https://octane.gg/players/3e4f-ssteve,SSteve,Steve Berrospi,au
5f3d8fdd95f40596eae23e1d,https://octane.gg/players/3e1d-stake,Stake,Marc Bosch,es
61895535143c37878b23cf93,https://octane.gg/players/cf93-starlord,STARLORD,,in
60c46d599fc1a47e5f1119da,https://octane.gg/players/19da-starwindss,starwindss,,cl
5f3d8fdd95f40596eae24040,https://octane.gg/players/4040-stealth,Stealth,Carson Caruthers,us
61e54e0bc437fde7e02cc98d,https://octane.gg/players/c98d-stix,stix,,us
60e03bad67835678df016db4,https://octane.gg/players/6db4-stizzy,Stizzy,Gaspar Rosalen Andres,es
5f3d8fdd95f40596eae23fdc,https://octane.gg/players/3fdc-stokelyy,Stokelyy,Paulie Santoro,us
6110460987f814e9fbfff532,https://octane.gg/players/f532-stolen,Stolen,Juan Ignacio Bravo,ar
60a9e656aeb31d38b6a9e128,https://octane.gg/players/e128-storm,Storm,,au
60500f2f097037e8dbbea543,https://octane.gg/players/a543-stormiity,Stormiity,,br
61f90e5cda9d7ca1c7ba7436,https://octane.gg/players/7436-strelitzia,Strelitzia,,jp
5f3d8fdd95f40596eae23f4b,https://octane.gg/players/3f4b-strov3,Strov3,Gustavo Sartorio,br
61801153f8090ec74528a649,https://octane.gg/players/a649-strutic,Strutic,,za
6177fed0143c37878b23ac47,https://octane.gg/players/ac47-styles,Styles,,au
61f915dfda9d7ca1c7ba755e,https://octane.gg/players/755e-sub-zero,Sub-Zero,,za
5f3d8fdd95f40596eae24133,https://octane.gg/players/4133-subhallz,SubHallz,Dário Sciré,br
60bbcefe6dcdb413cff649c9,https://octane.gg/players/49c9-sugavuki,SUGAVUKI,,jp
60c1eae6490bd8649dd30bf1,https://octane.gg/players/0bf1-suliman3nb,Suliman3nb,,sa
5faeab06e9ce4ed313ea4607,https://octane.gg/players/4607-sumset,SuMsEt,,au
60be0f259fc1a47e5f1113fe,https://octane.gg/players/13fe-sun_on_run,sun_on_run,,in
5faeab4de9ce4ed313ea7516,https://octane.gg/players/7516-superlachie,Superlachie,Lachlan Gordon,au
5f3d8fdd95f40596eae24396,https://octane.gg/players/4396-suspect,Suspect,Mohammed Hamad,sa
61731698143c37878b23a133,https://octane.gg/players/a133-sweaty_clarence,Sweaty_Clarence,,za
5f3d8fdd95f40596eae24569,https://octane.gg/players/4569-sweeper,Sweeper,Jesse Smith,au
5f3d8fdd95f40596eae23fba,https://octane.gg/players/3fba-swoopin,SwoOpin,Nael Porlan,fr
5f3d8fdd95f40596eae23eef,https://octane.gg/players/3eef-sycho,Sycho,,id
61e56868c437fde7e02ccbf7,https://octane.gg/players/cbf7-syfohn,Syfohn.,,za
61ee804cc437fde7e02cdb27,https://octane.gg/players/db27-syn,Syn,,au
5f3d8fdd95f40596eae23ede,https://octane.gg/players/3ede-sypical,Sypical,Caden Pellegrin,us
62713181da9d7ca1c7badd05,https://octane.gg/players/dd05-syriix,SYRIIX,,re
5f8910cc4f0e8d24ca7ef455,https://octane.gg/players/f455-sythe,sythe,,sa
61f9101bda9d7ca1c7ba74a8,https://octane.gg/players/74a8-syuep,syueP,,jp
5f3d8fdd95f40596eae23f52,https://octane.gg/players/3f52-szaro,Szaro,Lautaro Araya,ar
61f91289da9d7ca1c7ba752a,https://octane.gg/players/752a-t0d0v0000stlv,T0d0v0000sTLV,,jp
5f3d8fdd95f40596eae24194,https://octane.gg/players/4194-t7lm,T7LM,Fahad Almsabe,sa
6169e634f8090ec745287cb1,https://octane.gg/players/7cb1-t9berh,t9berh,,sa
5f3d8fdd95f40596eae23ec5,https://octane.gg/players/3ec5-tadpole,Tadpole,Euan Ingram,wl
617953b7143c37878b23aeb6,https://octane.gg/players/aeb6-taker,Taker,,ly
616dab72f8090ec7452886e7,https://octane.gg/players/86e7-takosuke,Takosuke,,jp
627b91fada9d7ca1c7baeaf1,https://octane.gg/players/eaf1-takoyaki,takoyaki,,la
6169d5bff8090ec745287c3b,https://octane.gg/players/7c3b-talal,Talal.,Talal Al-Sanea,sa
5f3d8fdd95f40596eae23f58,https://octane.gg/players/3f58-tander,tander,Enzo Toledo,br
5f3d8fdd95f40596eae2407a,https://octane.gg/players/407a-tango,Tango,Mustafa Alshaik,au
60be08ea490bd8649dd30740,https://octane.gg/players/0740-tank,Tank,,ph
60bbd0576dcdb413cff64a0c,https://octane.gg/players/4a0c-tanukin,tanukin,,jp
6295e309da9d7ca1c7bb17dd,https://octane.gg/players/17dd-tapi_chan,tapi_chan,,jp
5f3d8fdd95f40596eae23dd4,https://octane.gg/players/3dd4-taroco,Taroco.,Alexandre Reis Pedrogam,ca
5f3d8fdd95f40596eae2454b,https://octane.gg/players/454b-tatu,TaTu,Santiago Tobias Guzman,ar
626d5309c437fde7e02d4ea4,https://octane.gg/players/4ea4-tbyubd,TBYUBD,,sg
5f3d8fdd95f40596eae23f42,https://octane.gg/players/3f42-tcorrell,tcorrell,Tristian Correll,us
6193c487143c37878b23d962,https://octane.gg/players/d962-techniceagle75,TechnicEagle75,,za
61daf2a6da9d7ca1c7ba3d8f,https://octane.gg/players/3d8f-teenagedream,Teenagedream,,my
60bbcefe6dcdb413cff649c8,https://octane.gg/players/49c8-temma,temma,,jp
5f3d8fdd95f40596eae23f23,https://octane.gg/players/3f23-tenhow,Tenhow,Tenhou Igushi,jp
61e54cfcda9d7ca1c7ba4e52,https://octane.gg/players/4e52-tenku845,TenKu845,,jp
5f3d8fdd95f40596eae2423f,https://octane.gg/players/423f-tenon,tenon,,jp
618009d0143c37878b23bc37,https://octane.gg/players/bc37-tenpuraaaa,tenpuraaaa,,jp
60c5cd4c490bd8649dd30fff,https://octane.gg/players/0fff-tetu,tetu,,jp
5f3d8fdd95f40596eae24545,https://octane.gg/players/4545-tgex,Tgex,,cl
5f5ae85fc6cbf591c568a4fd,https://octane.gg/players/a4fd-the-optimistic-noob,The Optimistic Noob,,id
61a4aa3a143c37878b23f555,https://octane.gg/players/f555-thekeychain22,TheKeychain22,,za
600a36013079570c0276c04a,https://octane.gg/players/c04a-thiagxw,thiagxw,,br
5f3d8fdd95f40596eae2407f,https://octane.gg/players/407f-tho,ThO.,Thomas Binkhorst,nl
5f3d8fdd95f40596eae23fd4,https://octane.gg/players/3fd4-thundah,Thundah,Cooper Cox,us
627a3394da9d7ca1c7bae528,https://octane.gg/players/e528-thuxya,THUXYA,,jp
61896c61f8090ec74528bc18,https://octane.gg/players/bc18-tiger,Tiger,,sa
5fadd1c1a392ba2afb9f236c,https://octane.gg/players/236c-tigr,tigr,Tom C.,au
5f3d8fdd95f40596eae23de2,https://octane.gg/players/3de2-tigreee,Tigreee,Maik Hoffmann,de
61daf533da9d7ca1c7ba3dff,https://octane.gg/players/3dff-timee,Timee,,sg
613bafa7143c37878b236856,https://octane.gg/players/6856-timmy,Timmy,,au
61a4a954143c37878b23f507,https://octane.gg/players/f507-timmyjs,TimmyJS,,za
5f5ae884c6cbf591c568a5a2,https://octane.gg/players/a5a2-titoh,Titoh,Calder Pagee,ca
61e54f10da9d7ca1c7ba4ea4,https://octane.gg/players/4ea4-titomaru,titomaru,,jp
5f3d8fdd95f40596eae241e0,https://octane.gg/players/41e0-tjester,Tjester,Pascal Rousseau,fr
60c1eae6490bd8649dd30bf2,https://octane.gg/players/0bf2-tmim,tmim,Tamim Al-Huwairi,sa
5f3d8fdd95f40596eae241bc,https://octane.gg/players/41bc-toastie,Toastie,Eli Nichols,us
5f3d8fdd95f40596eae2427c,https://octane.gg/players/427c-tobee,Tobee,Toby Aitken,au
616dab72f8090ec7452886e8,https://octane.gg/players/86e8-toki,Toki,,jp
61896062f8090ec74528ba96,https://octane.gg/players/ba96-tomato,tomato.,Shane Mendoza,ph
616daaad143c37878b239dbd,https://octane.gg/players/9dbd-tomato,tomato,,jp
620a8160c437fde7e02cfff3,https://octane.gg/players/fff3-tonie,tonie,,kr
6107b1919d3c410761e8961f,https://octane.gg/players/961f-tonio,tonio,Antonio Lavalle,au
5f3d8fdd95f40596eae240f4,https://octane.gg/players/40f4-tool,Tool,Ryan F.,us
5f3d8fdd95f40596eae23d72,https://octane.gg/players/3d72-torment,Torment,Kyle Storer,us
618960d2143c37878b23d00b,https://octane.gg/players/d00b-tornado62,Tornado62,,id
6194ff46f8090ec74528cc90,https://octane.gg/players/cc90-toronto,Toronto,,jp
621c9c6eda9d7ca1c7ba93f2,https://octane.gg/players/93f2-tororo,tororo,,jp
5f3d8fdd95f40596eae23e01,https://octane.gg/players/3e01-torsos,Torsos,Daniel Parsons,au
61896c61f8090ec74528bc16,https://octane.gg/players/bc16-totti,Totti,,sa
5f3d8fdd95f40596eae23e1e,https://octane.gg/players/3e1e-tox,Tox,Damian Schaefer,de
5f3d8fdd95f40596eae24573,https://octane.gg/players/4573-trellski,trellski,,au
61950d7bf8090ec74528ce41,https://octane.gg/players/ce41-treulha,treulha,João Vitor Motta,br
6266d9cdda9d7ca1c7bacf36,https://octane.gg/players/cf36-trfnx,Trfnx.,,sa
60c85f3967835678df0154be,https://octane.gg/players/54be-trigger,Trigger,,in
5f3d8fdd95f40596eae24260,https://octane.gg/players/4260-tristn,.tristn,Tristan Roberts,us
5fc43098133774d1c57b03f0,https://octane.gg/players/03f0-trk511,trk511,Mohammed Alotaibi,sa
61f91694da9d7ca1c7ba759b,https://octane.gg/players/759b-trstn,Trstn,,za
60c46906490bd8649dd30e5b,https://octane.gg/players/0e5b-true-jeff,True Jeff,,za
6266dfe0da9d7ca1c7bad067,https://octane.gg/players/d067-tubigwater,tubigwater.,,ph
61f90debda9d7ca1c7ba740b,https://octane.gg/players/740b-tukai,Tukai,,jp
5f3d8fdd95f40596eae23d9b,https://octane.gg/players/3d9b-turbopolsa,Turbopolsa,Pierre Silfver,se
5f3d8fdd95f40596eae240f1,https://octane.gg/players/40f1-turinturo,Turinturo,Leonardo Wilson,us
616dabf2f8090ec7452886f5,https://octane.gg/players/86f5-turtle-crab-and-kaelu,Turtle Crab and Kaelu,,jp
5f9e1bfcd37c44ef43654b70,https://octane.gg/players/4b70-tvaristo,Tvaristo,Tavares Mitchell,us
5f77af55a0cb87e0663bc4f1,https://octane.gg/players/c4f1-twistt,twistt,Vinicius Marcos,br
5f3d8fdd95f40596eae2439b,https://octane.gg/players/439b-twiz,Twiz,Mohammed Al-Saeed,sa
5f5ae872c6cbf591c568a547,https://octane.gg/players/a547-twty,twty,,sa
5f8910cc4f0e8d24ca7ef44e,https://octane.gg/players/f44e-txmper,TxMpeR,Tim Holland,nl
61ee7fafda9d7ca1c7ba5f40,https://octane.gg/players/5f40-ultimateduck,UltimateDuck,,au
61daedebda9d7ca1c7ba3cdd,https://octane.gg/players/3cdd-ultron,Ultron,,sa
5f3d8fdd95f40596eae244d6,https://octane.gg/players/44d6-umbroken,UmBroken,Lucas Fierro,ar
61794f1f143c37878b23ae46,https://octane.gg/players/ae46-universe,UNIVERSE,,my
60bbd0f68029840609c3b4bc,https://octane.gg/players/b4bc-ura,ura,,jp
60bbd0f68029840609c3b4bb,https://octane.gg/players/b4bb-utsuho_rin,Utsuho_Rin,,jp
5f70c53651131744b3b7b3ce,https://octane.gg/players/b3ce-valisk,Valisk,,nz
5f9c7f6b5246bf27936b889b,https://octane.gg/players/889b-valt,valt,Valter Junior,br
61daf488da9d7ca1c7ba3dd4,https://octane.gg/players/3dd4-vapour,vapour,,my
5faeab91e9ce4ed313ea9570,https://octane.gg/players/9570-vatira,Vatira,Axel Touret,fr
5f3d8fdd95f40596eae24388,https://octane.gg/players/4388-venom,Venom,Yahya Alghamdi,sa
61daedebda9d7ca1c7ba3cde,https://octane.gg/players/3cde-vergil,Vergil,,sa
5f5ae860c6cbf591c568a505,https://octane.gg/players/a505-viic,Viic,Nik R.,nz
5f3d8fdd95f40596eae2456f,https://octane.gg/players/456f-viiexn,Viiexn,,au
61ee7769da9d7ca1c7ba5da5,https://octane.gg/players/5da5-vinnc,vinnc,,ph
5f3d8fdd95f40596eae23d9c,https://octane.gg/players/3d9c-violentpanda,ViolentPanda,Jos van Meurs,nl
61632035143c37878b238b2c,https://octane.gg/players/8b2c-vipex,Vipex,,sa
5f5ae820c6cbf591c568a3f7,https://octane.gg/players/a3f7-virtuoso,virtuoso,Nelson Lasko,ie
60b9efc2750df5a9c034d370,https://octane.gg/players/d370-vis,Vis,Jarvis Ahomiro,nz
616da9ecf8090ec7452886b8,https://octane.gg/players/86b8-vital,Vital,,kr
5f3d8fdd95f40596eae23faf,https://octane.gg/players/3faf-vive,Vive,Sean Green,au
5f3d8fdd95f40596eae23fa9,https://octane.gg/players/3fa9-vksailen,VKSailen,Diego Isla Serrano,es
609ba41ca07ea8dc370405af,https://octane.gg/players/05af-vortex,VorTex,Samer Mazen,sa
5f650cee8912af8b5ce0d945,https://octane.gg/players/d945-vortexioz,vortexioz,Andrew Barnes,au
61fe4df6da9d7ca1c7ba7c8c,https://octane.gg/players/7c8c-vudu,VuDu,,za
620a8665da9d7ca1c7ba8615,https://octane.gg/players/8615-vult,Vult,,au
628cd7fcc437fde7e02d818c,https://octane.gg/players/818c-vusterz,Vusterz,,vn
6064e2323036cdb09d774567,https://octane.gg/players/4567-wa,wa.,,kr
5f3d8fdd95f40596eae23f4c,https://octane.gg/players/3f4c-wais,Wais,Matías Waisman,ar
60bbcefe6dcdb413cff649ca,https://octane.gg/players/49ca-waiwai,waiwai,,jp
61795401f8090ec745289600,https://octane.gg/players/9600-wajeh,WAJEH,,sa
5f3d8fdd95f40596eae23e66,https://octane.gg/players/3e66-walcott,Walcott,Daniel Hawkeswood,au
627127d8da9d7ca1c7badba1,https://octane.gg/players/dba1-wallx1,wallx1,,jp
5f3d8fdd95f40596eae24242,https://octane.gg/players/4242-weagle,WEAGLE,,jp
60bb4e1bbd0db240d7a31f8d,https://octane.gg/players/1f8d-wee_casper,Wee_Casper,,za
5f3d8fdd95f40596eae24266,https://octane.gg/players/4266-wellace,Wellace,Kody Richards,us
5f3d8fdd95f40596eae24348,https://octane.gg/players/4348-wells,Wells,Deyvis Campos,br
60bb4abf6d9c1362119ca7d1,https://octane.gg/players/a7d1-werty,Werty,Umar Rasool,za
5f3d8fdd95f40596eae241e1,https://octane.gg/players/41e1-whiiskydrink,WhiiskyDrink,Evan Castagno,fr
61ebd951da9d7ca1c7ba5778,https://octane.gg/players/5778-wiiloo,Wiiloo,,re
6266db20c437fde7e02d48ed,https://octane.gg/players/48ed-willie,Willie.,,sa
61ee7a38da9d7ca1c7ba5e67,https://octane.gg/players/5e67-wingspot,Wingspot,,id
6193d275143c37878b23dc1e,https://octane.gg/players/dc1e-winters,Winters,,sa
605aca8953a71a78eacbc226,https://octane.gg/players/c226-wisty,wisty,,br
6180103ff8090ec74528a5ff,https://octane.gg/players/a5ff-wodenn,Wodenn,,re
5f3d8fdd95f40596eae24139,https://octane.gg/players/4139-wondamike,WondaMike,Michael Santoriello,us
60a5409ea7f8a4ef11c8c5bc,https://octane.gg/players/c5bc-wondercake,WonderCake,Mohammed Al-Dahname,qa
6284d6ccc437fde7e02d6e7d,https://octane.gg/players/6e7d-xamxammax,xamxammax,,jp
620a8740c437fde7e02d007a,https://octane.gg/players/007a-xav,xav,,au
5f3d8fdd95f40596eae24397,https://octane.gg/players/4397-xdangerousplayer,xDangerousPlayer,,sa
5f3d8fdd95f40596eae244c5,https://octane.gg/players/44c5-xpurt,xpurt,Jason Nwokedi,us
61daed15da9d7ca1c7ba3ca7,https://octane.gg/players/3ca7-xscary,xScary,,sa
60fa7bdb87f814e9fbffdc6f,https://octane.gg/players/dc6f-xtehqoz,xTehQoz.,Oscar Arco,es
61895535143c37878b23cf92,https://octane.gg/players/cf92-xtra_8,Xtra_8,,in
6266d998da9d7ca1c7bacf25,https://octane.gg/players/cf25-y25,Y25.,,sa
607d7de9473f172e4c0d4b1f,https://octane.gg/players/4b1f-yahya,Yahya,,sa
61800bfd143c37878b23bcc1,https://octane.gg/players/bcc1-yajumi,YAJUMI,,jp
616dabf2f8090ec7452886f6,https://octane.gg/players/86f6-yaki,yaki!,,jp
61ee7b4eda9d7ca1c7ba5ea2,https://octane.gg/players/5ea2-yakubo,Yakubo,,in
5f3d8fdd95f40596eae24280,https://octane.gg/players/4280-yand,yanD,Yan Dias,br
600a35593079570c02767534,https://octane.gg/players/7534-yanquer,yanquer,,br
5f3d8fdd95f40596eae24337,https://octane.gg/players/4337-yanxnz,yanxnz,Yan Nolasco,br
617952e4143c37878b23ae95,https://octane.gg/players/ae95-yii2_3,yii2_3,,sa
621c9ec0c437fde7e02d0e50,https://octane.gg/players/0e50-ymto,YMTO,,jp
6162fcdbf8090ec7452873df,https://octane.gg/players/73df-yogurt,yogurt,,ph
60bb4e1bbd0db240d7a31f8b,https://octane.gg/players/1f8b-yopego,YoPeGo,,za
61daed76c437fde7e02cb7c8,https://octane.gg/players/b7c8-yousef,YouseF,,sa
619500aef8090ec74528ccbc,https://octane.gg/players/ccbc-yoyopanz,yoyopanZ,,jp
619e62a1143c37878b23f077,https://octane.gg/players/f077-yujn,Yujn.,,za
5f3d8fdd95f40596eae23ebb,https://octane.gg/players/3ebb-yukeo,Yukeo,Maurice Weihs,at
5f3d8fdd95f40596eae23f46,https://octane.gg/players/3f46-yukiss,Yukiss,Clément Pardonche,fr
616dab72f8090ec7452886e6,https://octane.gg/players/86e6-yukkkke,YUkkkkE,,jp
628cd866c437fde7e02d81ab,https://octane.gg/players/81ab-yumeko,Yumeko,,id
61e54e6eda9d7ca1c7ba4e87,https://octane.gg/players/4e87-yurin0420,yurin0420,,jp
620a7f4ada9d7ca1c7ba84b9,https://octane.gg/players/84b9-yuru,Yuru,,id
6180103ff8090ec74528a5fe,https://octane.gg/players/a5fe-z27vib,z27vib,,re
60bbd0576dcdb413cff64a0b,https://octane.gg/players/4a0b-zalez_41,zalez_41,,jp
5f3d8fdd95f40596eae23e20,https://octane.gg/players/3e20-zamue,Zamué,Samuel Cortés,es
5f3d8fdd95f40596eae24134,https://octane.gg/players/4134-zanetti,Zanetti,Gabriel Zanetti de Lima	,br
61ee7a38da9d7ca1c7ba5e68,https://octane.gg/players/5e68-zaniz,ZANIZ,,id
5f3d8fdd95f40596eae240e1,https://octane.gg/players/40e1-zayd,zayd,Jack Rae,au
607e5b88975d93c9be8f00ad,https://octane.gg/players/00ad-zayn,zayn,Sandeep Sahani,in
6189648ef8090ec74528bb17,https://octane.gg/players/bb17-zeaux,zeaux.,,in
619e6058f8090ec74528db90,https://octane.gg/players/db90-zen,Zen,,re
6271313eda9d7ca1c7badce8,https://octane.gg/players/dce8-zentox,zentox,,re
5f3d8fdd95f40596eae23e58,https://octane.gg/players/3e58-zenulous,zenulous,Aidan Hui,au
6180109bf8090ec74528a616,https://octane.gg/players/a616-zeph,Zeph,,za
60d08e2288116f536df975a1,https://octane.gg/players/75a1-zero,Zero,,za
61e54e0bc437fde7e02cc98c,https://octane.gg/players/c98c-zeus,Zeus.,,us
5f3d8fdd95f40596eae24183,https://octane.gg/players/4183-zez0nix,Zez0nix,Fahad Ahmed,sa
5f3d8fdd95f40596eae24415,https://octane.gg/players/4415-zhearx,ZhearX,Maximiliano Antonio Gálvez Fuentes,cl
5f5af555c6cbf591c568abbb,https://octane.gg/players/abbb-zineel,Zineel,Kadin Zineelabidine,us
5f3d8fdd95f40596eae23efb,https://octane.gg/players/3efb-zinx,ZiNX,Syazwan Muhd,sg
61daee81c437fde7e02cb7e8,https://octane.gg/players/b7e8-ziyad,ziyad,,sa
5f3d8fdd95f40596eae240cb,https://octane.gg/players/40cb-zps,ZPS.,Anthony Marcello Perez,us
5f3d8fdd95f40596eae242c8,https://octane.gg/players/42c8-zukoe,Zukoe,Dáithí M.,au
61ee7b4eda9d7ca1c7ba5ea3,https://octane.gg/players/5ea3-zvik,ZVIK.,,in
619e61cb143c37878b23f057,https://octane.gg/players/f057-zzzfl3xzzz,zzzFL3Xzzz,,za
